filename,pt_nose_dx,pt_nose_dy,pt_nose_dz,sym_f1_dx,sym_f1_dy,sym_f1_dz,sym_f2_dx,sym_f2_dy,sym_f2_dz,sym_f3_dx,sym_f3_dy,sym_f3_dz,sym_l1_dx,sym_l1_dy,sym_l1_dz,sym_s1_dx,sym_s1_dy,sym_s1_dz,sym_m1_dx,sym_m1_dy,sym_m1_dz,sym_h1_dx,sym_h1_dy,sym_h1_dz,Cd,Cl,CmPitch,L_D_Ratio
tablon_001,-0.027835,0.004597,0.007668,-0.031309,0.022386,-0.010635,0.007881,-0.029555,0.011146,-0.031639,-0.021039,-0.011394,-0.033651,-0.033461,0.020661,0.037055,0.000631,0.002771,0.014887,-0.025249,-0.018755,-0.008595,-0.012942,0.007052,0.1551766,0.107853,0.1155979,0.6950339161961275
tablon_002,0.028346,-0.018343,0.019803,-0.00181,0.023573,0.002198,-0.035834,0.03699,0.01614,-0.001444,-0.037464,0.004078,0.027329,-0.039817,0.015887,-0.035179,-0.007218,0.005045,-0.022768,0.02636,0.010597,-0.002314,0.024527,0.004479,0.1919292,-0.2950423,-0.07234873,-1.5372455051133438
tablon_003,-0.031742,-0.009905,-0.012552,0.022909,0.017724,-0.001961,-0.007638,0.029377,-0.032211,0.024061,-0.019435,0.018568,0.021519,0.017534,-0.020546,-0.01492,-0.029634,0.024314,-0.001247,0.020177,-0.012172,0.038603,-0.03799,-0.01257,0.2781614,1.094637,0.514317,3.935258450669288
tablon_004,-0.00756,-0.032031,0.028577,0.025354,-0.036312,-0.022585,-0.002316,-0.011789,0.006487,0.00492,0.012656,-0.010441,0.015838,-0.003373,0.027471,-0.015994,0.009959,0.030905,-0.010149,0.031308,-0.02199,-0.018495,0.026818,0.003498,0.1934066,-0.3284241,-0.1138701,-1.6981018227919833
tablon_005,0.005364,-0.014008,0.000955,-0.015898,-0.004334,0.00413,-0.033287,-0.01405,-0.01547,-0.000766,-0.03944,0.005909,0.004938,-0.015973,-0.021993,-0.029642,-0.021354,0.037814,-0.02747,0.037495,-0.01266,-0.002675,0.015859,-0.001177,0.3009939,0.9623377,0.4501655,3.1972000097011932
tablon_006,-0.014689,0.006444,-0.027965,0.010588,-0.013109,0.02479,0.023195,0.031146,-0.006539,-0.004627,-0.026082,-0.00778,0.005762,0.008557,-0.03993,0.038789,0.034958,0.038935,0.020666,-0.030376,-0.025782,0.030234,0.014119,-0.002814,0.2209635,0.6809736,0.2909229,3.08183749804832
tablon_007,-0.006499,0.038669,-0.02033,-0.02714,-0.031078,0.023809,0.003931,-0.002255,-0.017249,0.02758,-0.034929,-0.015474,0.0194,0.032341,-0.015552,-0.009059,0.003768,-0.001521,0.015954,-0.011396,-0.039198,-0.032989,0.007043,0.011482,0.277936,1.142307,0.5743222,4.1099641644119504
tablon_008,0.012508,-0.013723,-0.022917,-0.007781,0.030015,0.014394,-0.011642,-0.035771,0.018685,-0.024636,0.008919,-0.037749,-0.019872,0.025411,0.004841,0.027203,0.011348,0.038792,-0.030605,-0.008332,0.026852,0.033515,-0.036114,-0.027976,0.1581216,-0.03407418,0.004986018,-0.21549351891202723
tablon_009,-0.01647,0.026734,-0.033944,-0.018064,0.02731,-0.019531,0.019495,0.004359,0.005573,-0.010686,0.016919,0.003579,0.025687,-0.002977,0.039188,-0.000307,0.025692,0.031781,-0.01328,0.008495,-0.037581,-0.012437,-0.008401,0.010057,0.2048531,0.2374679,0.1698599,1.1592106734045031
tablon_010,0.006141,0.016752,0.030608,0.004958,-0.016389,0.027811,-0.030874,0.036268,0.039588,0.031052,-0.033427,-0.028976,0.039633,-0.036583,-0.004394,0.004512,-0.029101,-0.034063,0.032153,-0.036896,-0.024823,-0.027679,0.038825,-0.019692,0.1625227,0.08031715,0.06774012,0.49419035002495043
tablon_011,0.036889,-0.027061,0.031578,0.019931,-0.019597,-0.006548,-0.006657,0.034835,-0.003495,0.029725,0.01167,-0.038543,-0.017481,0.01985,-0.00913,0.033386,-0.018594,-0.006478,0.034138,-0.026109,0.013572,0.021283,-0.002118,0.034613,0.2107345,-0.3142708,-0.07810745,-1.4913115792620575
tablon_012,0.02997,0.024981,-0.034779,-0.017858,0.006913,-0.018688,0.018927,0.012744,0.033136,-0.018641,0.014779,-0.002544,0.03392,-0.038226,0.014079,-0.018802,0.016556,-0.0121,0.013056,-0.028419,0.032728,-0.013625,-0.03096,0.002631,0.3359557,-0.1829407,0.04726544,-0.5445381638114787
tablon_013,0.0338,0.037788,-0.00376,0.026166,0.00584,0.031156,-0.037732,0.013487,0.034268,-0.001892,-0.03828,-0.005649,0.038189,0.024244,0.002434,0.021046,-0.022438,0.016227,0.022431,-0.034542,0.022362,0.020091,0.034121,0.038366,0.204255,-0.1166146,-0.03795057,-0.5709265379060489
tablon_014,-0.020559,0.010363,-0.000863,-0.010899,-0.032838,0.023067,0.025188,-0.028372,-0.031344,0.020293,0.034544,-0.004814,-0.011587,0.028713,-0.015925,-0.016376,0.018068,0.012348,-0.02581,-0.022232,0.019695,0.002168,-0.038876,-0.025086,0.1854579,-0.1945832,-0.08530437,-1.0492041590032024
tablon_015,7e-05,0.035235,-0.025945,-0.036659,0.015698,0.001335,0.037643,-0.030608,-0.001212,-0.034093,0.010042,-0.026856,-0.015955,-0.003709,-0.03575,0.005371,-0.013469,-0.03233,0.029197,0.037034,-0.031907,-0.005608,0.016343,-0.029937,0.205817,0.6001622,0.2969844,2.9159991643061556
tablon_016,0.013657,-0.037504,0.017391,-0.016796,0.014191,-0.016713,0.003394,-0.014546,-0.033117,0.009134,-0.035715,0.029368,0.015309,-0.02188,-0.018357,0.004156,-0.035119,-0.02263,-0.014921,-0.030921,0.006299,0.022539,0.023195,0.014537,0.1916538,0.07486998,0.07691693,0.39065220726121785
tablon_017,-0.017103,0.026902,0.036254,0.02359,0.017139,-0.00124,-0.005067,-0.009175,0.021237,-0.021669,0.011503,0.033626,0.006951,0.036646,-0.004836,-0.023696,-0.01294,0.012988,-0.009466,0.032278,-0.025262,-0.035337,-0.029406,-0.003997,0.2616075,0.7979248,0.3766461,3.0500838087593056
tablon_018,-0.019188,0.028741,0.036738,0.00872,-0.011262,0.039359,-0.000852,-0.011531,0.022359,-0.004997,0.036663,-0.006357,-0.004816,0.015213,0.026972,-0.031376,-0.012229,0.008494,-0.007441,-0.035105,-0.004123,0.017124,0.029802,-0.002206,0.1782502,-0.1361106,-0.02023327,-0.7635929721256974
tablon_019,0.009483,0.01414,0.029117,-0.038809,-0.02072,-0.007965,-0.010368,0.032277,-0.010809,-0.039648,-0.031302,0.030318,-0.023177,-0.015479,0.030424,-0.036768,-0.010254,-0.009713,0.015476,0.004354,0.004385,0.019516,-0.033937,0.02255,0.2433599,-0.4233033,-0.09640247,-1.7394126969973278
tablon_020,-0.01369,0.036396,0.025343,-0.025534,0.008219,-0.026556,0.026483,-0.030199,0.014914,0.000502,0.036884,0.036541,0.037412,0.001002,0.010873,-0.024346,0.020169,-0.036347,-0.015981,0.013885,0.024173,0.031529,-0.020125,0.009621,0.2772591,-0.1312389,0.06608642,-0.4733438866388876
tablon_021,-0.005855,0.01048,-0.023306,0.004575,0.007928,0.039863,-0.029865,0.006209,-0.014709,-0.025628,-0.022994,0.036956,-0.008633,0.015083,0.022036,0.008749,0.010826,-0.011061,0.019199,0.019034,0.014413,0.008086,0.020659,0.005438,0.2039123,-0.2961042,-0.04625316,-1.4521154437471404
tablon_022,0.027407,-0.020741,-0.018379,0.012075,-0.014956,-0.038544,0.030232,0.02853,-0.035321,0.032005,0.00757,0.017242,0.036956,0.017163,-0.031824,0.011276,0.010119,-0.002897,-0.003793,0.039844,0.036296,-0.003801,-0.034378,-0.03422,0.3392636,1.44606,0.7673075,4.262349394394211
tablon_023,-0.0394,-0.013136,0.009862,0.020759,-0.023272,0.004521,-0.025668,0.005485,0.023821,-0.011611,-0.006482,0.020229,-0.021529,-0.009396,-0.018688,0.032428,0.001405,-0.030664,-0.035613,0.002455,-0.034008,0.025007,0.038438,-0.029292,0.1614112,-0.1427736,-0.1405695,-0.8845334152772546
tablon_024,-0.03289,0.032183,-0.039562,-0.020128,-0.005833,-0.00569,0.038113,0.015596,-0.018408,0.012699,0.020048,0.03264,-0.001481,-0.001905,-0.033875,0.023551,0.019726,0.032251,0.0339,0.001674,-0.022367,0.014631,0.002204,-0.037983,0.2081209,0.858106,0.3658746,4.123113055920862
tablon_025,-0.027469,-0.030931,0.020573,0.018497,-0.000713,0.01274,-0.005936,-0.028754,0.036107,-0.024362,-0.03225,6.4e-05,0.029415,0.001428,0.010288,0.018901,-0.03005,-0.021013,-0.029014,0.000177,-0.014684,-0.036007,0.001702,-0.006842,0.1543884,-0.1606263,-0.024353,-1.0404039422650924
tablon_026,0.023903,-0.001846,-0.029895,-0.03013,0.016015,-0.020114,-0.03965,0.013165,0.015383,0.017011,-0.029577,-0.016109,0.011984,0.002135,0.019616,0.00702,0.002739,0.005898,0.01255,0.033252,-0.036653,-0.03157,0.007249,-0.020391,0.1844103,-0.3778218,-0.1114822,-2.048810722611481
tablon_027,-0.020909,-0.023766,0.018613,0.029722,0.023837,0.018446,-0.027,0.028369,-0.020654,0.007061,0.003908,-0.01288,-0.025016,0.031213,0.021179,-0.037583,0.019218,0.00531,0.02762,0.009098,-0.017806,0.012694,0.026447,-0.038697,0.1972415,-0.3535216,-0.1076246,-1.79232869350517
tablon_028,-0.001707,0.013325,-0.003456,-0.019316,-0.000836,0.013007,-0.015831,-0.02961,0.03859,-0.028663,-0.021682,0.023654,-0.005454,0.009809,-0.017328,0.024308,-0.01776,0.034728,-0.021433,-0.033865,0.03026,-0.023588,-0.028358,-0.024316,0.2183259,-0.2278015,-0.1911316,-1.0434011722841863
tablon_029,-0.037963,-0.02325,0.032423,-0.03358,-0.015954,-0.011035,-0.01462,0.038334,0.020635,-0.013702,0.009781,0.019747,-0.015023,0.025809,0.011301,0.029406,0.020773,0.02915,-0.029319,0.029432,-0.011627,0.004739,-0.024459,0.004929,0.1831067,-0.1235551,-0.1126956,-0.6747710487928623
tablon_030,-0.023763,0.007022,0.022395,-0.028688,-0.031372,-0.003026,-0.032102,-0.005535,-0.021964,0.035625,0.024031,-0.028136,0.006326,0.036368,0.021418,0.005621,0.037778,-0.016579,0.037735,0.018167,0.021057,-0.037498,-0.010648,0.010973,0.3387186,-0.3727239,-0.01643102,-1.1003939553363766
tablon_031,-0.032248,-0.031303,0.033224,-0.00977,0.011141,0.010628,0.03937,0.023985,-0.026646,-0.014851,0.029119,-0.031604,0.032171,0.023665,0.023462,-0.010027,0.008264,0.022233,0.016509,0.00775,-0.0358,-0.014987,0.018123,0.028108,0.2498496,-0.4490626,-0.1648178,-1.7973316747355208
tablon_032,0.006872,-0.032541,-0.013583,-0.03695,0.033562,-0.032555,-0.009002,0.002105,-0.033499,0.004298,-0.023736,-0.036114,-0.025589,-0.02337,-0.025298,0.034791,-0.032233,-0.028643,0.021523,0.008284,-0.010518,0.000761,-0.018245,-0.017697,0.2037027,0.1792574,0.1923952,0.8799952087036648
tablon_033,-0.037065,0.024621,-0.024733,-0.014307,-0.003888,-0.00858,-0.019528,-0.010487,0.004019,0.006759,-0.012262,-0.025325,0.001953,0.033186,0.036037,-0.014248,0.001177,-0.032465,0.011831,0.022656,-0.000219,-0.029656,-0.020822,-0.036805,0.3739561,0.023338,0.1781383,0.062408394996097134
tablon_034,-0.02424,0.023378,0.021242,-0.034803,0.024506,-0.031439,-0.005216,0.013995,-0.02402,-0.037693,-0.034149,0.013724,0.027966,0.035976,-0.001021,-0.03023,-0.000189,0.028341,0.016151,-0.035602,0.032925,-0.005439,-0.013654,-0.01802,0.2903345,-0.2760832,-0.06787955,-0.950914204133508
tablon_035,0.022036,0.022725,-0.02492,0.000471,-0.012148,-0.037819,-0.014033,-0.007319,-0.024535,-0.03347,-0.025398,0.011695,-0.023462,0.005996,-0.002302,-0.034519,-0.024226,0.017269,0.022103,-0.005057,-0.027796,-0.014576,0.036737,0.019154,0.2838982,1.265416,0.6233894,4.457287858816999
tablon_036,0.026935,-0.030397,0.015408,-0.020883,0.03097,-0.009782,-0.031207,-0.031078,-0.001196,0.007811,-0.001205,-0.03257,0.002541,-0.014241,0.006852,-0.026881,-0.020614,0.006559,-0.02835,-0.001634,-0.039978,0.034163,0.015248,-0.032086,0.1717632,-0.1465696,-0.06633684,-0.8533236455771667
tablon_037,-0.025117,0.0087,0.035061,-0.000152,0.039716,-0.018288,0.018133,-0.033936,-0.039382,-0.000967,0.003514,-0.02257,-0.025629,-0.027014,-0.019531,-0.033025,0.028593,-0.038884,-0.0077,0.010664,-0.033661,-0.009036,0.035004,-0.020727,0.2052467,-0.5450987,-0.1947311,-2.6558219937275487
tablon_038,0.019241,-0.010218,-0.031471,0.029546,-0.002305,-0.022831,0.033286,-0.039105,-0.019014,-0.018139,-0.003479,0.035855,0.038406,-0.020601,-0.023144,-0.017152,-0.033784,-0.016845,0.005037,-0.015597,0.001484,-0.03824,0.008923,-0.032439,0.2325405,0.4236466,0.2407397,1.8218185649381504
tablon_039,-0.029864,-0.020163,0.006308,0.036852,-0.038698,-0.004049,0.015244,-0.001387,0.037173,0.017381,0.004266,0.036218,0.023698,0.026785,-0.017954,0.024778,0.017285,0.015155,0.025246,0.003386,-0.007713,0.001118,-0.005016,-0.024467,0.2414923,0.9427154,0.4418454,3.90370790290208
tablon_040,-0.026503,0.002104,-0.022661,-0.023404,-0.009673,0.000137,-0.036942,-0.021354,-0.02551,0.026211,-0.006399,0.022862,-0.029531,0.004496,-0.035154,-0.006736,0.02292,-0.03195,0.034944,-0.014278,-0.021272,-0.031127,-0.007346,0.026105,0.2917107,1.320941,0.6995788,4.528256934010305
tablon_041,-0.014347,-0.004163,0.039901,-0.023763,-0.008586,-0.00097,-0.0126,0.009018,0.030208,0.001992,0.026255,0.005476,0.013125,-0.024319,-0.014607,0.003238,0.003107,0.015805,0.01761,-0.029324,-0.032957,0.011609,-0.007193,-0.026581,0.2453656,0.9842046,0.4652579,4.0111759757684045
tablon_042,-0.019327,0.037235,0.01615,0.021857,0.025964,-0.016996,-0.014911,0.007769,-0.030418,-0.014581,0.037526,-0.017284,-0.024714,-0.016455,-0.027218,0.011617,0.028143,0.00978,-0.020875,-0.031431,-0.012959,0.028225,-0.013427,-0.020894,0.2501273,1.350176,0.7010611,5.397955361130113
tablon_043,0.032699,0.034415,-0.007287,-0.003625,0.021941,-0.011469,0.017222,-0.034114,-0.026176,-0.010938,0.028682,-0.039346,-0.014173,-0.026452,-0.012983,0.018155,0.023643,-0.034997,-0.018641,-0.007085,0.026328,0.027556,0.01519,-0.011142,0.2569644,-0.6322425,-0.1064073,-2.460428370622546
tablon_044,0.039367,-0.018679,0.037894,-0.004366,0.005164,0.032301,0.020943,-0.015115,-0.027884,0.014926,0.027946,-0.026429,-0.03761,-0.027819,-0.00748,0.025969,0.013732,-0.035674,-0.022934,-0.01656,0.010126,0.032496,0.026057,-0.033632,0.1478616,-0.06875948,0.0887773,-0.46502594317929735
tablon_045,0.038193,0.004935,-1e-05,0.033799,0.01964,-0.023857,0.015124,0.039441,0.026315,-0.031265,0.02494,0.013153,-0.0147,0.030504,0.036903,-0.035953,0.032571,-0.019421,0.037387,-0.005979,-0.005292,0.013304,0.029112,0.025109,0.3009209,-0.3508392,-0.00708868,-1.1658851213059644
tablon_046,0.038602,0.006174,0.038215,0.028448,0.017418,0.006391,0.025509,-0.027078,-0.002219,-0.036383,0.013668,-0.010935,-0.038447,-0.025989,0.012332,0.022376,-0.014822,-0.006271,0.036572,0.005529,0.015355,-0.028899,-0.019903,-0.03588,0.1628943,-0.1740713,0.02336602,-1.0686150466897861
tablon_047,0.038823,-0.033023,-0.008605,0.027824,0.02297,-0.0047,0.011513,0.018989,0.011365,0.028614,0.038676,0.018973,0.003926,0.010125,-0.007117,0.032093,0.025559,0.002251,-0.018953,-0.013459,-0.028918,0.039478,-0.006746,0.029969,0.249392,1.446752,0.7336914,5.801116314877783
tablon_048,-0.006952,-0.038796,0.03396,0.032203,0.000207,0.028059,0.008272,0.026861,-0.000563,-0.017733,-0.032852,-0.020486,0.026576,-0.011833,-0.016177,0.026661,-0.031876,-0.019042,-0.03281,-0.02753,0.000277,-0.002854,-0.027049,-0.032969,0.1527705,-0.3825444,-0.166374,-2.504046265476646
tablon_049,-0.009641,0.002728,-0.006359,0.025922,0.031656,-0.033522,0.005089,-0.03703,0.011839,-0.023119,0.007144,-0.00985,0.007843,-0.021105,-0.014236,-0.016779,0.022586,-0.008482,-0.007016,-0.033263,-0.016803,0.026027,-0.02132,0.012261,0.2579577,0.9895365,0.5280213,3.836041723119721
tablon_050,0.032164,-0.022154,0.038532,0.003795,-0.001465,0.033558,0.039601,0.00184,-0.004986,0.034328,-0.01391,-0.004537,-0.020112,0.013766,-0.023994,0.000194,0.029253,-0.022178,0.025898,0.01734,0.038303,-0.001457,0.002573,-0.003207,0.1706466,-0.1875532,-0.04127995,-1.0990737582817354
tablon_051,-0.035666,-0.039435,0.034194,-0.021288,-0.024557,-0.034727,0.001961,0.010055,-0.029078,-0.009845,0.012932,-0.029327,-0.011606,-0.035133,0.006193,-0.00688,0.000236,-0.023104,0.005379,0.026944,-0.022454,-0.024315,0.000635,-0.018584,0.2290627,-0.7531764,-0.2197333,-3.288079639330192
tablon_052,0.037508,-0.00286,0.003575,-0.038439,0.004752,0.003857,-0.003299,0.01439,-0.025681,-0.017125,-0.034604,-0.023534,-0.021675,0.012743,-0.014855,0.001668,-0.008389,-0.013738,-0.012187,-0.002894,-0.001766,0.004014,-0.014018,-0.007907,0.187814,-0.5163209,-0.2079545,-2.7491076277593787
tablon_053,0.034835,-0.006845,-0.013984,0.013389,0.009546,-0.006818,0.038819,0.030047,0.001852,-0.002112,0.03943,0.038399,0.022141,0.003183,-0.006274,0.01222,-0.007076,-0.003398,-0.038916,0.004812,-0.016022,-0.00069,0.008679,0.038659,0.2439753,1.332958,0.6855133,5.463495689932547
tablon_054,0.015363,-0.016358,0.022831,0.020985,-0.036457,0.001805,0.034934,-0.015823,0.029851,-0.008906,-0.03279,0.015451,0.000308,-0.031986,-0.029502,0.022598,-0.038617,-0.030239,0.026151,0.02311,-0.038685,0.010622,-0.014544,0.035065,0.2709674,1.1486,0.5549922,4.238886301451761
tablon_055,0.008582,-0.000415,-0.036785,0.030656,-0.008243,-0.021306,0.033865,0.003318,-0.034716,0.016299,-0.028169,0.027426,-0.006472,-0.022279,-0.030797,0.00487,-0.00524,-0.028376,0.030468,-0.024725,0.02347,-0.031696,0.014647,0.006489,0.3369373,1.363362,0.7592015,4.046337404615042
tablon_056,0.01122,-0.0077,-0.028584,-0.022513,-0.011939,-0.000752,0.009647,-0.016653,-0.018091,0.038525,0.036108,0.037595,-0.030324,0.033609,-0.025955,0.03366,-0.035291,0.004011,-0.016535,0.014365,-0.023514,-0.00419,0.028212,-0.001466,0.243203,1.176151,0.5766263,4.836087548262151
tablon_057,-0.003808,0.021821,-0.016975,0.036017,0.003928,-0.014586,0.035651,0.039057,-0.017636,-0.037261,-0.008366,0.021949,0.018338,0.031139,0.030869,-0.013423,0.002074,0.022772,-0.000269,0.025916,0.020444,-0.016077,-0.022312,-0.014777,0.2474601,-0.6817652,-0.1728809,-2.755051016305255
tablon_058,0.028607,0.029176,0.008856,0.005808,-0.007668,-0.030181,0.038725,0.006909,0.036603,-0.025597,0.027049,-0.027286,-0.031035,-0.037868,0.008852,-0.010646,-0.031344,0.019564,-0.010764,-0.003702,0.033494,0.017288,-0.032783,-0.023385,0.1815934,-0.3493365,-0.05759872,-1.92372905623222
tablon_059,0.02446,-0.029854,0.006868,-0.006356,-0.030228,-0.007252,-0.035531,0.02978,0.008302,0.015583,-0.016864,-0.016403,-0.012806,-0.028265,-0.009451,-0.039776,-0.029527,0.03692,-0.024666,0.005993,0.005647,0.035505,0.013187,0.012489,0.288318,1.228365,0.6281405,4.260452000915655
tablon_060,0.002984,-0.026102,0.003671,0.02379,-0.023092,0.028996,0.019618,-0.037281,-0.021217,0.022101,0.016795,0.004596,-0.009424,-0.034771,0.027702,0.030809,-0.032441,-0.036525,-0.006059,0.027887,0.025851,-0.012926,0.008135,-0.005389,0.2649752,-0.1657724,0.1214775,-0.6256147745147469
tablon_061,-0.000515,0.012136,-0.032101,0.000349,-0.018331,0.007593,0.029195,-0.016237,-0.039743,0.034829,-0.038715,-0.035004,0.009394,-0.033958,-0.030837,-0.025016,-0.036665,-0.036807,-0.032475,0.00126,-0.003083,0.038386,-0.028731,0.00802,0.2235448,-0.2210312,-0.02004294,-0.9887557214482289
tablon_062,0.034669,0.027291,0.030974,0.035032,0.029725,-0.021786,0.002196,-0.022448,0.004411,-0.034715,0.032227,0.007085,-0.03811,0.010719,0.033234,0.009299,-0.037794,-0.009484,-0.001061,-0.037476,-0.005198,0.015157,0.009419,0.03032,0.2175092,-0.6385259,-0.151106,-2.9356270907161623
tablon_063,0.030153,-0.021991,0.032138,0.006261,0.028407,-0.029921,0.022153,-0.012334,0.01832,-0.005387,0.016051,0.021091,-0.026974,0.016531,0.018748,-0.033355,0.014036,-0.014292,-0.033764,-0.0397,-0.000775,-0.028489,0.03527,0.013648,0.2084532,-0.4690944,-0.09542894,-2.2503583538175476
tablon_064,-0.005097,0.019146,-0.001367,0.039957,0.032005,0.030577,-0.003624,0.038669,-0.013424,-0.035945,-0.016724,0.001152,-0.002629,-0.011515,0.032864,-0.0275,-0.027053,0.018069,0.009081,0.017102,0.009723,0.025894,-0.012615,-0.000283,0.2103424,-0.416822,-0.1067214,-1.9816356569098765
tablon_065,0.036137,-0.031895,-0.002052,0.027133,-0.037699,-0.021003,0.006754,0.033925,-0.025008,0.038013,-0.011761,-0.031121,-0.021032,0.032443,0.019047,0.023968,-0.026049,0.007855,0.003442,0.034629,0.024591,-0.014308,0.030351,0.03665,0.2677307,-0.6820782,-0.1151209,-2.5476278962405132
tablon_066,-0.018763,0.007278,0.018341,0.011188,-0.009181,0.019555,-0.002831,0.020919,0.008544,-0.038437,-0.033851,0.034344,-0.010433,0.001852,-0.010849,-0.00618,-0.038148,0.001593,0.032714,0.024523,-0.026832,0.012264,-0.031888,-0.014377,0.2437917,0.1768273,0.03093978,0.7253212476060505
tablon_067,-0.028739,-0.009211,-0.01504,0.001348,-0.01708,-0.025843,0.017014,0.034011,-0.004132,-0.039594,-0.007657,-0.033228,-0.019251,-0.010188,-0.028852,0.01617,-0.004382,-0.019833,-0.014189,0.029668,-0.015515,-0.027189,-0.014871,0.004246,0.2444608,1.208548,0.6885781,4.943729219572218
tablon_068,0.019742,-0.00525,-0.037095,-0.01254,-0.020239,0.029951,0.007014,-0.01285,0.013098,-0.009492,0.03084,0.037815,0.030862,0.00609,0.021986,0.022839,-0.023428,0.03645,-0.005421,0.014763,-0.026568,-0.017832,0.036919,-0.008815,0.2213394,0.04851556,-0.01028711,0.21919079928833277
tablon_069,0.026207,-0.001168,0.010602,-0.033042,0.015253,-0.027621,-0.02315,-0.015579,-0.005872,-0.00678,-0.017357,0.026161,-0.037511,0.021743,0.020298,-0.034188,0.035471,0.020328,0.038404,0.007032,-0.01091,0.03694,-0.017631,0.022321,0.2049816,-0.07414755,-0.002126794,-0.3617278331323397
tablon_070,0.000672,0.03024,0.022445,0.015074,-0.016565,-0.039303,0.03694,-0.020984,0.010255,0.014415,0.019322,0.00162,-0.027442,0.039943,-0.037109,-0.028635,0.033444,0.035103,0.004735,0.020647,-0.006571,-0.022042,0.004721,-0.030654,0.244335,1.058769,0.4697924,4.333267849468967
tablon_071,0.029499,-0.033768,0.010172,0.035812,-0.034022,-0.01354,-0.023685,-0.018168,0.019402,0.023331,0.006759,0.038742,0.019982,0.03778,0.02431,0.013163,0.03213,-0.020737,-0.031297,-0.032257,-0.001427,-0.021362,0.003552,0.023232,0.2059316,-0.4164349,-0.06302155,-2.0222000897385346
tablon_072,0.018345,0.004294,-0.031605,-0.029451,-0.018575,0.03151,-0.034396,-0.01347,-0.035619,-0.006961,-0.010151,-0.012221,0.030708,-0.013937,-0.004522,-0.025262,-0.013919,0.031534,0.026566,0.012649,-0.028606,-0.009948,0.011092,-0.039775,0.2867551,0.8476176,0.4106807,2.9558937225527986
tablon_073,-0.030078,0.029595,-0.0031,0.007426,0.035906,0.002462,-0.012099,0.019933,0.024869,0.008511,-0.000341,-0.007145,0.004261,-0.030333,0.025373,-0.020565,0.03306,0.002925,-0.032346,0.00721,0.037792,0.028801,-0.00573,-0.013754,0.2319427,-0.412203,-0.05282713,-1.7771760007967485
tablon_074,-0.036159,0.039844,0.029392,0.008979,0.006657,0.03296,-0.015264,-0.034589,0.012353,-0.02499,0.033791,0.006313,-0.00881,0.036893,0.031276,-0.002725,0.018921,-0.026266,0.03575,0.02154,0.027743,0.018603,0.000985,-0.019053,0.25246,-0.07341038,0.09921612,-0.2907802424146399
tablon_075,0.033226,0.026021,-0.028253,0.038069,0.005229,-0.028919,-0.011097,0.001482,-0.03165,0.030747,0.000176,0.038903,0.037772,-0.018763,-0.02081,0.002312,-0.03084,-0.033453,0.012081,0.038967,-0.011306,0.016778,-0.034672,0.019588,0.3589628,1.081112,0.5803334,3.0117661217262626
tablon_076,-0.025661,0.031641,0.030278,0.015748,-0.006636,-0.025343,-0.009249,0.00046,-0.012497,-0.032581,0.002432,-0.015696,-0.029802,0.023406,0.009719,-0.013984,-0.002086,0.035652,0.009936,0.027516,-0.009682,0.005268,-0.002586,-0.008775,0.2062192,0.06806285,0.03999286,0.33005098458339477
tablon_077,-0.016348,0.034204,0.027163,0.011789,0.020801,0.019799,0.01781,-0.03972,-0.02369,-0.036831,-0.015917,-0.028668,0.004701,0.010961,-0.036594,0.019406,-0.017308,-0.002572,0.031513,0.026533,0.032029,0.036466,0.025654,0.020926,0.3006284,0.1633903,0.09607125,0.5434958906078068
tablon_078,0.028822,-0.00396,-0.030845,-0.008856,-0.004739,0.0123,-0.017477,-0.010995,-0.019262,0.024779,-0.024291,-0.021421,-0.003305,-0.026144,-0.035342,0.028237,-0.005615,-0.013511,0.037185,-0.02146,-0.024321,0.037737,0.013935,-0.035483,0.2970109,1.457331,0.7396753,4.9066583078264125
tablon_079,-0.025559,-0.008196,-0.009448,0.003143,-0.017499,0.027192,0.031497,0.004604,0.024406,-0.022468,-0.01962,-0.034687,-0.00836,-0.008247,0.014621,0.003834,-0.010854,-0.027183,0.007992,-0.030603,0.015902,0.022368,-0.017253,-0.021841,0.2111412,-0.2293186,0.02683032,-1.086091203422165
tablon_080,-0.034187,-0.013454,-0.019069,-0.003535,0.001718,0.02116,0.012217,0.005015,0.027304,0.000363,0.005489,-0.023926,-0.026311,0.020922,-0.032649,-0.022921,0.036142,-0.010472,-0.008685,-0.008976,0.035142,-0.012355,-0.032357,-0.028704,0.1733772,0.1040272,0.07370546,0.6000050756385499
tablon_081,-0.00865,0.019588,0.027522,-0.032747,-0.014784,-0.033822,-0.019691,5.4e-05,0.01576,-0.007238,0.023377,-0.012705,-0.016071,0.038128,0.038647,0.034314,-0.012663,0.008986,-0.036744,-0.01505,0.014298,-0.010908,0.037919,0.002381,0.2325945,-0.3351053,0.008660653,-1.4407275322503326
tablon_082,-0.023247,0.018474,-0.004659,-0.028217,-0.035349,-0.029221,0.031059,0.017564,0.030758,-0.035542,-0.004025,-0.024163,0.024885,0.031957,-0.01049,-0.005442,-0.003085,-0.023591,-0.026855,0.013424,0.008013,0.027034,0.009929,0.018609,0.2397899,-0.2756514,-0.03735059,-1.1495538385895319
tablon_083,0.034034,-0.019167,0.024136,0.001085,-0.005553,0.009007,-0.020442,-0.023675,0.039137,-0.012059,0.017594,0.015757,0.008603,-0.001291,0.016403,0.01961,0.012391,0.033898,-0.039416,0.039566,-0.030014,0.003165,-0.004447,-0.009298,0.2055423,-0.1607306,-0.1605728,-0.7819830759897111
tablon_084,-0.004632,-0.005081,-0.029567,0.02264,-0.035796,-0.036375,-0.024587,-0.009989,0.003008,0.009334,0.030216,-0.000676,-0.001684,-0.039321,-0.028096,-0.020983,0.034615,-0.024154,-0.001858,0.015112,-0.026006,0.010876,0.02379,-0.012194,0.2726282,1.502298,0.7646835,5.5104277547223655
tablon_085,-0.028004,0.005782,-0.034829,-0.000836,0.032465,-0.003766,0.008848,0.016285,0.035,-0.02018,-0.01553,0.014149,-0.039882,0.026983,-0.001757,-0.010938,0.039677,-0.012682,-0.016822,-0.032887,0.008789,0.035172,0.031437,-0.007498,0.1825381,0.02160689,0.07722668,0.11836920620955296
tablon_086,0.011141,0.009698,-0.027118,0.002362,-0.032015,-0.023449,0.034099,0.025143,-0.01639,0.013193,-0.003122,0.018138,0.031987,0.006442,0.013932,0.026939,0.024972,0.006087,0.004333,-0.0087,-0.039412,-0.010759,-0.036762,-0.009804,0.1920158,0.529213,0.3009728,2.756090905019275
tablon_087,0.01915,0.015473,0.020049,0.013132,-0.00314,-0.027148,-0.020073,-0.039312,0.031186,0.013359,-0.027056,-0.01713,-0.03404,-0.016301,0.019508,0.030157,0.004863,-0.02372,0.019227,-0.017326,0.004995,0.008912,0.018586,0.031718,0.2217832,-0.5156488,-0.07767421,-2.325012895476303
tablon_088,0.030807,-0.038056,-0.011611,-0.039945,0.014762,-0.014233,0.010697,-0.00182,-0.036064,0.002844,-0.022289,-0.017716,-0.016526,-0.035873,0.002392,0.036329,0.034336,-0.031207,-0.01129,-0.022905,0.006687,0.021919,0.004202,0.009244,0.2510129,-0.6300728,-0.1136582,-2.5101211929745446
tablon_089,0.004388,0.037039,0.026467,-0.029701,-0.025935,0.027351,-0.008474,0.00745,-0.004475,0.013797,-0.035362,0.024164,0.016091,0.00551,0.015214,0.006579,-0.036993,0.021696,0.009444,-0.023536,0.012062,-0.024766,-0.035012,-0.010399,0.1631521,-0.2616771,-0.1126619,-1.6038843508603322
tablon_090,-0.010995,-0.003329,0.019599,-0.017583,0.034679,0.015103,0.022655,0.025389,0.017152,-0.014165,-0.014287,0.030995,-0.013979,0.01561,-0.02706,-0.031837,0.027133,-0.029768,-0.038733,-0.002262,-0.003321,-0.026608,-0.010942,-0.022647,0.1665532,-0.2148396,-0.1341763,-1.289915774659388
tablon_091,0.021992,0.023054,-0.037415,0.007615,0.004317,-0.032246,0.013801,-0.005624,0.000851,0.030224,-0.018933,0.030403,0.021784,-0.012154,-7.3e-05,0.018612,0.030576,-0.007453,0.001235,-0.012693,0.018309,0.010151,0.034742,0.013238,0.2329556,0.08353822,0.1510013,0.358601467404089
tablon_092,0.017904,0.003296,-0.010185,0.014645,0.022615,0.02595,0.03285,0.022877,-0.002586,0.0255,0.023638,-0.008384,-0.022304,-0.007496,0.029184,-0.023276,0.024339,-0.001632,-0.022105,-0.026834,-0.031196,0.023056,-0.018475,0.031554,0.1956492,-0.4086501,-0.1113057,-2.0886878147214505
tablon_093,-0.008842,-0.009093,-0.030545,0.021297,-0.027168,0.02239,-0.013447,0.033452,-0.015937,-0.013471,-0.022758,0.031633,0.006766,0.011485,0.034366,-0.020161,-0.027214,0.026498,-0.01772,0.028216,-0.00909,0.030682,-0.033028,-0.013597,0.1743737,-0.02642143,0.03065691,-0.15152187514516238
tablon_094,0.00575,-0.011761,-0.039824,-0.028999,-0.034738,-0.016338,0.032623,0.020051,-0.009252,0.034435,-0.008977,-0.024696,0.016988,-0.032618,-0.008352,0.007556,0.001782,0.019735,0.039929,0.034322,0.03455,-0.004503,0.032954,0.017362,0.2790613,-0.07817228,0.05151112,-0.28012583615141184
tablon_095,0.032806,-0.008669,-0.0241,-0.024399,0.024041,0.039016,-0.018079,-0.001192,0.001331,0.01044,-0.001739,0.009963,0.009914,-0.032047,0.03023,-0.003199,0.029042,-0.01308,0.013819,-0.000958,-0.036336,0.030852,0.012426,0.019971,0.1798913,-0.1066855,0.01110412,-0.5930553617656885
tablon_096,0.001668,-0.006153,-0.022144,0.008328,-0.029771,0.01821,0.020211,-0.024314,-0.030152,-0.01002,0.021677,-0.010085,0.003155,-0.00891,-0.036322,-0.01844,0.038426,0.038033,-0.036901,0.024183,0.01687,-0.017207,0.003918,0.035308,0.2452482,1.173294,0.546406,4.784108507218402
tablon_097,-0.015122,-0.002614,-0.006885,-0.020759,0.026242,-0.006148,-0.028644,0.023472,-0.030966,-0.020738,-0.012965,-0.032011,-0.000643,0.028258,0.026355,0.021612,0.039097,-0.01635,-0.020568,-0.006229,0.031007,0.039933,-0.019052,0.028735,0.4184734,-0.455336,-0.009374641,-1.088088275144848
tablon_098,-0.029279,0.031284,0.00659,-0.004706,-0.000307,-0.03579,0.035463,-0.024409,0.025851,0.027182,0.01045,-0.03126,0.013876,0.02508,-0.007797,-0.019637,-0.033344,0.011006,0.00366,0.003809,-0.013952,-0.030487,-0.00397,0.026738,0.2606001,1.062484,0.5559445,4.077066739421819
tablon_099,0.016161,-0.039,-0.026032,-0.025668,0.033097,0.009844,0.008572,-0.005036,0.029493,0.003917,0.015092,0.027127,-0.019183,-0.006889,-0.02354,-0.02959,-0.034215,0.010043,-0.029789,0.028599,0.014888,0.00342,-0.010125,0.015668,0.258795,0.9654944,0.4899717,3.7307305009756755
tablon_100,-0.021939,0.034966,0.016691,-0.005536,-0.022755,-0.037236,-0.016778,0.01511,0.009461,-0.022107,-0.000432,0.010507,0.002026,-0.019741,0.028304,-0.031005,0.004419,0.008353,0.027422,-0.019871,-0.013432,0.037248,-0.023886,-0.03327,0.2003861,-0.3785369,-0.09154315,-1.889037712695641
tablon_101,-0.024747,0.036572,-0.026492,-0.005753,0.001031,0.015572,-0.025137,-0.017355,-0.016498,0.037463,0.029318,-0.029981,-0.024057,0.019327,-0.027804,0.020576,0.006245,-0.000541,0.011173,-0.038985,0.001926,0.001446,-0.024996,-0.031247,0.1860981,0.2169495,0.105568,1.1657803061933465
tablon_102,0.016939,0.039017,0.002957,-0.024768,0.031388,-0.024155,-0.027754,0.017903,0.000757,0.037162,-0.030084,-0.018835,0.039437,0.014636,0.031752,-0.033967,0.03829,0.029632,-0.023493,-0.020334,-0.019977,0.006545,0.018998,0.018363,0.2537576,-0.5664568,-0.1833418,-2.232275210673493
tablon_103,0.02262,-0.005704,-0.007968,-0.026573,-0.038353,-0.024631,-0.026674,-0.035189,0.005841,-0.026604,0.007958,-0.001197,-0.005649,0.016003,0.017706,-0.011765,-0.019186,-0.026687,0.025127,-0.017651,-0.009419,0.006191,-0.003015,0.009106,0.2577976,-0.4455362,-0.08197421,-1.728240293936018
tablon_104,-0.037399,-0.02907,-0.005075,0.025119,-0.030486,-0.002316,0.006082,-0.025077,0.026419,-0.003316,-0.006873,0.003845,0.018827,-0.017824,-0.01008,0.015453,-0.016865,0.025813,-0.003193,-0.014543,0.035718,0.009926,0.033387,-0.036196,0.1746378,-0.1801003,-0.08944311,-1.0312790243578422
tablon_105,-0.039149,-0.016808,-0.030066,0.001664,-0.031724,-0.032951,-0.02925,-0.038329,-0.027428,0.022781,0.031933,-0.018699,0.0283,-0.004128,0.029636,-0.02788,-0.015387,0.000532,-0.027947,-0.035265,-0.023883,-0.0304,-0.003319,0.024556,0.354045,-0.4293186,-0.04687963,-1.212610261407448
tablon_106,-0.003108,-0.034206,-0.009078,0.026688,0.039454,0.032414,-0.023375,0.032944,-0.022473,0.01781,-0.026406,0.035075,0.018597,0.005184,-0.011268,-0.001573,-0.020851,0.039891,-0.03975,-0.010089,0.023779,-0.02084,0.012195,-0.014942,0.2355151,0.8414506,0.4191778,3.5728095565846947
tablon_107,-0.038529,-0.036703,-0.017672,-0.011811,0.025155,0.005398,-0.016282,0.032595,-0.023178,0.028021,0.00053,-0.033009,0.036371,-0.021469,-0.022442,0.000851,0.009154,0.011499,-0.003224,0.021881,0.030735,-0.034103,0.006316,0.037596,0.3226476,0.533335,0.316251,1.652995404273889
tablon_108,-0.010678,0.009355,0.012956,0.032784,0.035194,-0.020665,-0.035174,-0.025233,0.028114,0.005943,-0.025864,0.033154,-0.000875,0.014338,0.023829,-0.036385,-0.016675,0.013514,-0.006627,-0.001484,0.03901,-0.029292,6.4e-05,-0.038811,0.1840249,0.1828368,0.1806753,0.9935438084737446
tablon_109,-0.008258,0.01445,-0.01596,0.013759,0.010489,-0.036525,0.026193,-0.017738,0.007969,0.004449,0.011187,0.012061,0.008399,-0.020271,-0.037328,-0.00497,-0.039165,0.017622,0.001753,-0.005373,-0.006076,-0.016551,-0.024242,0.035913,0.2706843,1.131294,0.5068763,4.179385357776569
tablon_110,0.02577,0.018145,0.023306,0.009723,0.030711,-0.004875,-0.004385,-0.03542,-0.034888,-0.019756,-0.011335,0.03349,-0.023669,0.012269,0.011713,0.020069,0.018458,0.035444,0.013547,0.036433,0.003589,-0.02377,0.021765,0.029554,0.2505794,0.9235447,0.4755135,3.6856369677635112
tablon_111,0.014028,0.000508,0.013865,0.011555,0.037439,-0.011703,0.014584,-0.036243,-0.001817,0.011616,-0.008489,0.000695,0.029862,-0.007939,0.012473,0.000559,-0.032887,0.030757,-0.01381,-0.038067,0.010855,0.016037,-0.001924,-0.025699,0.1767603,-0.2244693,-0.07331599,-1.2699078922133533
tablon_112,0.010371,0.001879,0.005655,-0.036071,-0.002504,0.01186,0.029356,-0.020342,0.034697,0.005231,0.004987,-0.005291,0.008802,-0.019314,-0.030028,-0.036962,0.008665,-0.000159,0.007114,-0.004626,-0.029913,-0.018193,0.005266,0.016872,0.2918129,1.122326,0.5273173,3.8460465592850763
tablon_113,0.014773,-0.017212,-0.03914,0.016799,0.027664,-0.002488,-0.02745,0.022335,0.026847,-0.016419,0.027579,-0.013761,0.03569,0.022279,0.032372,-0.003362,-0.025831,0.033332,-0.000476,-0.022512,-0.020618,-0.013515,-0.029664,-0.006454,0.2132882,0.1371215,0.1164402,0.6428930433094752
tablon_114,0.021236,0.020541,0.015141,-0.008177,0.019127,0.016582,-0.007577,0.00117,0.014239,0.023942,-0.01328,-0.002043,-0.022758,0.011771,-0.002528,0.035784,0.010562,0.013605,-0.026712,0.038469,-0.008664,0.039174,-0.011835,0.023916,0.1821424,-0.2953105,-0.2131726,-1.621316618206414
tablon_115,0.001428,0.028112,0.034479,0.019114,-0.014023,-0.02214,-0.011508,0.009248,-0.00558,-0.015282,-0.002023,0.00898,-0.009647,1.3e-05,0.00806,0.002897,-0.011279,-0.037809,0.010748,-0.020834,-0.020009,-0.010224,-0.020641,0.020249,0.2089189,-0.3647521,-0.06088273,-1.7459028359808522
tablon_116,-0.022208,-0.011363,0.000544,-0.013106,-0.03367,0.034971,-0.006947,-0.02618,-0.01507,0.031744,-0.028688,-0.019294,-0.028926,-0.025162,0.005989,-0.025652,0.012678,0.020604,0.02332,0.016337,0.000999,-0.017055,0.019671,0.000819,0.1744041,-0.2933421,-0.1267607,-1.6819679124515994
tablon_117,0.036576,-0.024761,0.01465,0.022041,-0.029553,-0.009163,-0.037236,-0.021755,0.010514,-0.035033,-0.030536,0.017196,0.017875,0.006973,0.024531,0.038356,0.023202,0.027797,-0.016134,0.00979,-0.038217,-0.006743,0.005849,0.027691,0.2047985,0.1293852,0.04125404,0.6317682990842218
tablon_118,0.003996,-0.02553,0.004228,0.015477,0.02556,0.015971,-0.001835,-0.000678,-0.006914,0.016423,-0.014546,-0.021925,0.034307,0.002625,-0.01213,-0.038573,0.014452,0.019115,0.008125,-0.004347,-0.014063,-0.007808,0.024364,0.03111,0.3007935,0.9948909,0.4850066,3.307554518299099
tablon_119,0.020015,-0.014568,0.024961,0.034667,0.011336,0.017275,0.03758,-0.008124,0.03825,-0.03024,0.01916,-0.033889,0.033205,-0.008701,0.035344,-0.039166,0.035772,-0.025235,-0.002075,0.01154,0.021233,0.001726,-0.023307,-0.011808,0.3297777,-0.07850343,0.1112592,-0.23804954064510728
tablon_120,-0.02709,-0.025684,0.020868,0.016297,-0.026415,0.011294,0.011721,0.00856,-0.021142,0.002089,-0.004506,0.009258,0.014534,0.037445,0.008593,-0.021872,0.037358,0.020878,0.038338,-0.01388,0.027465,0.024646,-0.021934,-0.021563,0.2211752,-0.3385667,-0.09964993,-1.5307624905504778
tablon_121,-0.001047,-0.014824,0.017714,-0.022854,0.026841,-0.012756,-0.021508,0.029153,0.013838,0.00107,-0.002589,-0.034057,-0.028762,-0.017571,0.033767,0.039521,0.027337,-0.007633,-0.018269,0.017875,0.038492,0.028797,0.032026,-0.027343,0.2559532,-0.3421109,0.05166917,-1.3366150530643883
tablon_122,0.009773,-0.023186,-0.027423,-0.015298,0.037153,0.029381,-0.026053,-0.00035,0.025588,0.01011,-0.031183,-0.038181,0.00721,-0.016944,-0.026126,0.007977,-0.009186,0.012614,-0.01173,-0.026551,0.012673,-0.01941,-0.008248,0.008721,0.2019108,0.1480704,0.05228266,0.7333456159848804
tablon_123,-0.033601,0.011364,0.031897,-0.000616,0.034211,-0.009238,0.029762,-0.002794,0.009754,-0.021514,0.0351,0.01125,0.03909,-0.005981,-0.01701,0.006303,0.016855,0.007557,-0.03169,-0.009982,-0.027332,0.015784,-0.039954,0.025748,0.2791705,1.123663,0.5431683,4.0250062237951365
tablon_124,0.01741,0.000358,0.007215,-0.022275,-0.033329,0.034445,0.018682,0.018051,-0.03919,-0.008652,-0.038998,-0.008416,-0.034953,-0.010446,0.001077,-0.004513,-0.014109,0.036208,0.0219,-0.007256,0.022402,-0.001943,-0.001344,-0.005801,0.1893595,-0.4079258,-0.1983679,-2.1542399509926886
tablon_125,-2.5e-05,0.032567,0.012053,0.014346,0.010108,-0.013103,-0.030588,-0.03216,-0.012,0.008291,-0.039759,-0.014906,-0.011142,-0.018274,0.000348,0.02911,-0.010713,-0.031071,0.007285,0.03196,0.016769,0.005929,0.010504,-0.026262,0.2105657,-0.6180457,-0.1426294,-2.9351679784504316
tablon_126,-0.015815,-0.002344,-0.01558,0.029189,-0.027703,-0.030496,-0.022717,-0.02067,0.024243,0.036415,0.037854,0.002346,0.028546,-0.004474,0.018106,-0.011386,-0.024913,0.028792,0.031746,0.023274,0.031394,-0.038401,0.023425,-0.030054,0.2159402,-0.108203,0.04540267,-0.5010785393363533
tablon_127,0.039815,-0.028117,0.036832,-0.001566,0.039145,0.000425,-0.008248,-0.023551,0.033868,0.021295,0.030692,-0.001778,-0.018046,-0.006279,-0.034143,-0.038135,0.017999,0.023032,0.017544,-0.015806,-0.017346,-0.032192,0.017776,0.006044,0.2583279,0.9418047,0.4284938,3.64577229172691
tablon_128,-0.004054,-0.012208,-0.012904,-0.035729,-0.023828,0.03653,0.013181,0.01933,0.022848,0.033412,-0.027365,0.034412,0.035255,-0.002287,-0.016572,0.035305,-0.028093,0.000192,-0.013013,-0.036368,0.035513,-0.006954,0.017131,-0.017178,0.1679425,0.1172481,0.03850767,0.6981443053426024
tablon_129,-0.012649,-0.017606,0.028197,0.006894,-0.024033,0.037562,-0.022095,-0.019542,0.033208,0.01895,0.020797,0.010101,-6.5e-05,0.038981,-0.003035,0.010389,0.00699,-0.029585,-0.023735,0.015332,-0.003628,-0.019626,0.013364,-0.008224,0.1457355,0.2125139,0.123972,1.4582164263340094
tablon_130,0.005097,0.02392,0.035649,0.024026,-0.013507,0.026165,0.012742,0.025657,-0.020372,0.028895,0.028011,-0.03541,-0.02664,-0.033194,0.013041,-0.000568,0.016007,0.027248,0.020895,0.009337,-0.000885,-0.009218,-0.027864,0.013039,0.183606,-0.07881743,-0.0009569821,-0.429274805834232
tablon_131,-0.018117,0.001441,-0.005802,0.039321,-0.03514,-0.008277,-0.009904,-0.029018,0.031693,-0.027566,0.019622,-0.013343,-0.031318,-0.030627,0.038249,0.030794,0.026199,0.021377,-0.026165,0.030531,-0.015845,-0.032735,-0.017056,0.003611,0.1646851,0.08065902,0.1279543,0.4897772779686808
tablon_132,0.001182,0.000937,-0.014507,0.024457,-0.026094,0.004977,0.010818,0.008242,-0.009778,0.036186,0.026688,0.002938,-0.035886,-0.030938,0.001485,0.031824,-0.014595,0.033099,0.02027,0.03527,-0.002672,-0.021832,-0.038698,-0.038291,0.1624858,0.2038984,0.066166,1.2548690408638785
tablon_133,0.01079,0.005243,0.001698,-0.016077,0.014859,0.008349,-0.010409,0.014751,-0.0234,-0.030635,0.005615,0.007348,-0.006089,-0.029752,0.028714,-0.022137,0.013508,-0.015142,0.033389,0.0358,0.029087,0.008618,-0.029024,0.02172,0.3123942,-0.4294727,-0.05111572,-1.374778084868413
tablon_134,-0.039768,0.035999,-0.019572,-0.002665,-0.037018,0.007603,0.031915,0.005721,0.029004,0.002587,-0.03654,0.016654,-0.028389,0.03412,-0.005851,-0.012195,0.005287,0.034011,0.0112,0.023787,0.028754,-0.006165,0.011786,-0.010751,0.1978805,-0.2203793,-0.147805,-1.1136989243508078
tablon_135,0.024802,-0.015249,0.024758,-0.039352,0.036396,-0.010193,0.015739,-0.004516,0.002015,-0.038152,0.035715,0.014671,0.010753,-0.006553,-0.028723,0.032817,0.02184,-0.015522,0.032924,0.025347,0.026526,0.021114,0.0375,-0.006367,0.1971543,-0.04205754,-0.01015111,-0.21332296581915788
tablon_136,-0.026094,0.033747,-0.017405,-0.034384,0.029246,0.034163,-0.000118,0.022746,-0.014138,0.037919,-0.015134,0.012467,-0.036867,-0.002565,0.001759,0.034872,-0.016034,0.016534,-0.008984,0.019587,-0.010307,-0.037783,0.010157,-0.023733,0.1587374,-0.191291,-0.1531898,-1.2050783243268441
tablon_137,-0.00211,0.025695,-0.021192,-0.027893,0.012631,0.038411,-0.028928,0.026539,-0.008572,0.021932,-0.031823,0.019317,-0.033299,-0.000206,-0.029637,0.013578,-0.027738,0.014577,0.002995,-0.028154,0.016304,0.034474,-0.038328,0.036232,0.2634787,1.262029,0.6571435,4.789871059785858
tablon_138,-0.034856,0.0198,-0.020755,-0.005011,-0.037542,-0.015686,-0.025555,-0.033052,-0.029802,0.033678,-0.005319,-0.024918,-0.016899,-0.022412,0.006582,0.010475,0.031287,0.032499,0.006471,0.019766,0.017716,-2e-05,-0.037363,-0.004702,0.2222209,-0.4564348,-0.1350827,-2.0539688211144855
tablon_139,-0.034716,0.029914,0.021624,0.002406,-0.028167,0.000901,0.016704,-0.022387,-0.011702,-0.021014,0.008677,-9.7e-05,-0.034461,0.038548,0.022874,0.015602,0.020875,-0.020281,-0.034034,-0.018209,0.021865,0.009435,-0.033319,0.020401,0.2339345,-0.4579282,-0.03945329,-1.9575060540450426
tablon_140,0.023542,0.011036,-0.012023,-0.008782,-0.003444,0.036183,-0.000497,0.037584,0.012684,-0.003635,-0.037846,-0.009387,0.005505,0.008044,0.009389,0.037383,-0.022063,-0.039862,-0.008177,-0.006685,-0.031398,-0.027301,-0.030745,-0.011556,0.1538343,-0.3287264,-0.07899259,-2.1368862470853376
tablon_141,-0.001248,0.030885,0.013282,0.036664,-0.032411,-0.017308,-0.017025,-0.003688,-7.2e-05,-0.004087,-0.012466,0.017619,0.011289,0.027901,-0.037932,0.002708,0.005821,0.00091,-0.03519,-0.034313,0.028389,0.032044,0.031717,0.037612,0.2856501,1.409949,0.7183342,4.935930356754644
tablon_142,-0.036622,0.01175,-0.021861,-0.026073,0.036458,-0.031175,-0.001243,0.027642,-0.007726,-0.027634,0.033461,-0.030516,0.017578,-0.023166,0.004628,-0.0308,-0.009848,0.023447,-0.033546,-0.01118,0.017448,0.020772,-0.009506,0.005637,0.2720661,-0.2454493,-0.02059517,-0.9021678922879405
tablon_143,0.018687,-0.012703,0.032948,0.02034,0.000655,-0.003595,0.001001,0.002857,-0.028673,0.003443,-0.024981,-0.003826,-0.007978,-0.014808,-0.038604,-0.032665,-0.008623,-0.008165,0.026924,0.033794,0.025247,0.014189,-0.025393,0.027385,0.3320123,0.7013957,0.3747365,2.1125593840951074
tablon_144,-0.038017,-0.036201,0.026156,0.019275,0.038711,0.003192,-0.013968,0.010813,-0.038455,-0.015892,-0.036248,0.026681,-0.039415,-0.024683,-0.038871,0.01778,-0.039625,-0.02142,0.006082,0.021073,-0.032643,0.011295,0.019433,0.011751,0.2730819,1.127339,0.56168,4.128208423919711
tablon_145,0.006517,-0.004754,0.00528,0.003357,0.035462,0.003202,0.023939,-0.026702,0.022608,0.007549,0.035535,0.002688,-0.006964,-0.012563,-0.011708,0.039796,-0.001759,-0.004842,0.000171,-0.024384,-0.033343,0.007106,0.020296,0.030533,0.2256629,1.257885,0.6447417,5.574177235159168
tablon_146,-0.032617,0.01685,0.008247,0.016999,-0.01786,0.016938,0.027381,-0.008545,0.032115,0.032508,0.009288,-0.006767,-0.033028,0.022461,0.034549,0.008901,-0.035966,0.029589,-0.028553,-0.012215,-0.004765,0.027935,-0.02312,0.032234,0.1535051,-0.05819537,-0.002271782,-0.3791103357478025
tablon_147,-0.017373,0.03064,-0.033297,-0.038009,0.026468,0.02531,-0.019063,-0.031555,0.013208,0.018172,-0.016046,0.02819,0.01327,0.012818,-0.003515,0.013648,-0.003497,-0.011282,0.024686,-0.038416,0.011628,0.033129,-0.03146,-0.028874,0.1648938,0.03294442,0.04141678,0.1997917447472252
tablon_148,-0.009492,0.025576,-0.032776,-0.032298,0.021288,-0.035443,0.030712,0.020686,0.018876,0.018763,0.002809,0.022465,0.020051,0.029317,0.039725,-0.028843,-0.019357,-0.037549,0.028694,-0.02182,0.003123,0.03162,0.021265,0.021332,0.4592906,0.1607063,0.216365,0.3499011301341678
tablon_149,0.016471,-0.034427,-0.0005,-0.01503,0.020631,-0.034387,-0.03476,0.021896,-0.036419,-0.023539,-0.005671,0.023301,0.012476,0.039509,-0.022316,-0.012632,0.024478,-0.006861,-0.035486,0.02896,0.018855,5.3e-05,0.011255,0.014169,0.3596321,1.49676,0.8143781,4.161919917604686
tablon_150,-0.028912,-0.015716,-0.014107,-0.010103,0.006179,-0.038885,-0.002791,0.027211,0.003766,0.010809,0.017767,-0.003225,0.000505,-0.037028,-0.024182,0.039136,-0.019943,0.011858,0.029433,-0.009466,0.029322,0.015241,-0.006228,-0.031679,0.2051227,1.091017,0.5848505,5.318850619653505
tablon_151,0.013279,-0.02087,0.039291,-0.007368,0.013416,-0.036907,-0.017922,-0.027348,0.019664,0.019812,0.001653,-0.019834,0.020867,-0.005117,-0.012576,0.016655,0.011716,-0.005957,-0.020373,-0.025832,0.039903,0.026798,-0.00787,0.015367,0.2192501,-0.3278361,-0.05483629,-1.4952608915571761
tablon_152,0.00821,-0.035948,-0.001921,0.005277,0.003216,0.008418,-0.032753,-0.03258,0.004888,-0.038884,0.015801,-0.025815,0.012254,0.027408,-0.008721,-0.008136,0.00943,-0.029055,-0.002545,-0.025087,0.018459,-0.025708,0.007687,0.000703,0.2557408,-0.4830196,-0.1112288,-1.8887076289743365
tablon_153,-0.005595,0.012745,-0.010495,0.030875,0.016659,0.023254,0.001292,0.037886,0.007295,0.015647,0.01205,0.005131,-0.036131,-0.039109,0.016335,0.014924,-0.006078,0.023782,-0.037736,-0.01846,-0.019493,-0.039319,0.039476,0.03908,0.1702842,-0.1114029,-0.0818572,-0.6542174787795931
tablon_154,0.004703,0.021219,0.008566,-0.010537,0.020199,-0.028681,-0.013151,-0.003363,0.014508,-0.027159,-0.037186,0.029198,-0.004202,0.00915,0.003007,0.008186,0.015291,-0.004219,0.030286,-0.02371,0.013173,-0.034916,-0.004271,-0.00047,0.1986196,-0.05905185,0.04342257,-0.2973112925411188
tablon_155,-0.006111,-0.037094,-0.038469,-0.021773,-0.01101,0.014525,-0.021191,0.021408,0.023255,0.039846,0.039679,0.007706,-0.012513,0.004196,-0.003819,-0.009766,-0.034623,0.00328,0.014129,0.011764,-0.037977,0.01371,-0.015561,0.010773,0.2290801,1.043417,0.5247056,4.554812923514526
tablon_156,-0.03535,0.03317,0.035328,0.010292,-0.025081,0.030338,0.036351,0.026246,0.017994,0.025035,0.015297,-0.027998,-0.010222,-0.035466,0.039491,-0.001817,-0.021764,0.003604,0.024366,-0.020405,0.019352,-0.020628,-0.026395,-0.025538,0.2179963,-0.2791713,0.00941409,-1.2806240289399407
tablon_157,-0.017821,-0.024817,-0.004017,0.004155,-0.019049,0.037916,0.027148,0.011204,0.027785,0.039196,0.038104,0.016227,0.023302,-0.038574,0.025163,0.028681,0.031626,-0.014478,0.008495,0.016404,-0.00719,-0.03883,0.016464,0.017877,0.1653024,-0.2516168,-0.03763759,-1.5221605977892638
tablon_158,0.012185,0.021128,0.011406,0.035476,-0.039259,-0.034844,-0.0385,-0.037933,0.035493,-0.032118,-0.023501,-0.036785,0.024421,0.007385,0.035969,0.014636,0.022124,0.016857,0.014454,-0.029764,0.031661,0.018999,0.005117,0.039978,0.3275795,-0.1127138,0.1012007,-0.3440807498637735
tablon_159,0.015821,0.013188,-0.034001,0.031976,0.038273,-0.012267,8.2e-05,-0.007883,-0.003738,-0.003121,0.025634,-0.037494,0.032471,0.028879,0.016903,-0.009506,-0.003806,0.01063,-0.009963,-0.028865,-0.01504,-0.024925,-0.027551,0.03718,0.2933744,-0.4654594,-0.09117367,-1.5865712891104338
tablon_160,0.03072,-0.024064,0.011793,0.038949,-0.021469,0.01106,-0.028156,0.006636,0.037485,0.026681,0.029818,-0.00741,0.010243,0.007666,-0.032281,-0.014495,0.027936,0.014045,0.023746,0.02202,0.00938,-0.035882,0.02512,0.033842,0.3047801,1.279633,0.6088129,4.198545114986182
tablon_161,-0.002487,0.024181,-0.009848,-0.006408,0.002519,-0.02812,0.021481,0.036745,-0.032715,0.039582,0.034091,0.035563,0.026988,0.009525,0.026457,0.031534,-0.020333,-0.005221,0.018119,0.038282,0.009075,-0.018911,0.039807,0.032429,0.293056,-0.802816,-0.2046395,-2.739462764795807
tablon_162,0.013122,0.038368,-0.035904,-0.002162,-0.001834,-0.000282,-0.024397,0.01644,-0.008979,-0.017291,-0.003908,0.02999,-0.007219,-0.028931,-0.005517,-0.017488,-0.011691,-0.024733,-0.025179,0.00446,0.011356,-0.003216,-0.022655,0.007494,0.2026898,-0.6529759,-0.2116313,-3.221552835909849
tablon_163,0.031568,-0.033537,0.014132,0.012581,0.018529,-0.039896,0.007451,0.002426,-0.00634,-0.02962,-0.007546,-0.022306,-0.018534,-0.005293,0.010665,0.012657,0.013097,0.037383,-0.005924,-0.012984,0.020038,0.007765,0.02237,0.027035,0.2402319,0.7883325,0.4734419,3.281547954289168
tablon_164,-0.021212,-0.011074,0.004523,0.037215,0.012391,0.021818,0.032011,0.035897,0.032549,0.011376,-0.005071,0.006501,0.003236,-0.027335,0.017474,-0.022427,-0.001199,-0.039487,0.000591,0.013073,-0.00205,0.002633,-0.03002,-0.005023,0.1775466,-0.2518204,0.003314627,-1.4183341162263878
tablon_165,-0.011669,-0.027376,-0.025299,-0.01997,0.029052,0.018912,0.002885,0.015759,0.01669,-0.029062,-0.001028,0.025496,0.014313,-0.014492,0.037678,-0.005637,0.030887,-0.03309,0.002767,-0.016242,0.002096,0.00519,-0.016046,0.034005,0.297092,-0.4359097,-0.05726084,-1.4672549244005224
tablon_166,0.020513,0.033448,-0.021427,-0.002823,-0.009347,0.024899,0.028798,0.003722,0.03595,0.019238,0.00083,-0.001233,0.010872,0.020603,0.036579,-0.039342,-0.026548,0.025288,-0.004546,0.032514,0.0297,-0.025229,0.025296,0.023008,0.2195958,-0.3923782,-0.0765738,-1.7868201486549378
tablon_167,0.026774,-0.006542,-0.006442,0.033472,-0.028573,0.031781,-0.021776,-0.012764,0.003368,0.035361,-0.020194,-0.021098,-0.03042,-0.031405,-0.02127,-0.002045,-0.015713,-0.010063,-0.012525,-0.000699,0.022937,-0.03693,0.028676,-0.002691,0.1582281,-0.03643749,0.008379762,-0.23028457018696427
tablon_168,0.027776,-0.029383,-0.037849,-0.00717,0.033621,-0.015553,-0.03901,-0.013633,-0.034268,0.012251,0.03145,0.008239,0.016674,-0.019072,-0.031327,0.036705,-0.002436,0.026826,0.029661,-0.011936,-0.029353,-0.022877,0.002841,0.032939,0.2102022,0.9365137,0.4125613,4.455299230930979
tablon_169,0.023054,0.003901,-0.032954,0.034279,-0.012731,0.016026,-0.031621,0.031245,-0.028389,-0.007969,0.001285,-0.023031,0.020722,0.022919,-0.024918,-0.021371,-0.009545,0.009225,0.018479,0.001145,-0.005636,-0.005003,0.035774,-0.030992,0.3162948,1.102581,0.5502522,3.4859283175063265
tablon_170,-0.00327,0.020025,0.010843,0.027232,0.009741,0.022759,0.014312,-0.038505,0.037745,0.027934,-0.028928,0.032016,-0.032422,0.030327,0.01492,0.029846,-0.039282,-0.01797,0.028105,-0.019597,-0.022953,-0.015734,0.038011,0.033468,0.1504057,-0.04576115,-0.02210384,-0.30425143461983156
tablon_171,-0.031038,0.008084,-0.011289,-0.027418,-0.029015,0.033717,0.027665,-0.017169,-0.026895,-0.01133,-0.017922,0.031349,0.022608,0.021583,-0.019026,-0.007229,-0.023944,-0.025922,-0.024281,-0.039589,-0.01807,-0.015248,0.001212,-0.016225,0.193591,-0.1495265,-0.0826544,-0.7723835302260952
tablon_172,-0.01025,-0.022779,-0.01618,0.017343,0.007281,-0.026008,0.025939,0.03542,-0.007541,-0.002716,0.023165,0.039926,-0.027951,-0.028674,-0.02677,-0.015221,0.039393,0.025039,0.002084,-0.000179,0.007284,-0.033607,-0.016568,0.001684,0.2307966,1.234206,0.5909589,5.347591775615411
tablon_173,0.035362,-0.028621,-0.038342,-0.034606,0.002898,0.038149,0.024009,-0.025734,0.020249,-0.013143,-0.024586,0.020637,-0.015497,0.029815,0.037423,0.026357,-0.000469,-0.018083,0.019887,0.006699,0.03956,0.01807,-0.015774,-0.015264,0.2526207,0.04751098,0.1824371,0.18807239470083015
tablon_174,-0.019748,0.017885,-0.00552,-0.017174,-0.022076,0.017771,0.020725,-0.007163,-0.017145,0.032851,0.021505,-0.03023,-0.032162,0.034623,-0.001494,-0.007653,-0.025386,-0.024915,0.005705,-0.031858,-0.024411,-0.026016,0.032693,-0.039541,0.1576836,-0.1015964,0.02740082,-0.6443054318901902
tablon_175,-0.022533,0.002994,-0.010934,-0.030414,-0.010092,-0.031798,0.004745,0.024194,-0.008249,0.03151,0.024781,0.027838,0.02544,0.000668,-0.034533,-0.032214,0.030061,-0.03835,0.022854,0.012255,0.037023,0.007584,-0.012175,0.025505,0.3258396,-0.2551962,-0.0182727,-0.7831957809916289
tablon_176,0.021113,-0.039738,-0.002588,-0.035236,0.013967,-0.038231,0.009435,-0.031908,-0.011419,-0.032994,-0.029765,0.025135,0.031333,-0.000999,-0.033374,-0.02818,-0.036137,-0.038431,0.035476,-0.010435,0.037257,0.033626,-0.005594,-0.022374,0.2958887,-0.3106789,-0.04407268,-1.049985687185756
tablon_177,0.025533,0.01376,0.029813,-0.013429,-0.013772,0.026558,0.028374,-0.036418,-0.033618,-0.031166,0.018385,-0.014111,-0.035244,0.033447,-0.006683,0.014276,-0.037232,-0.021976,-0.015274,0.02512,0.033861,0.017732,-0.009823,-0.036404,0.1834058,-0.1592789,0.04801347,-0.8684507251133824
tablon_178,-0.030518,-0.016724,0.027866,-0.031122,-0.007226,-0.013941,-0.038137,0.03455,0.031411,-0.026052,0.020928,0.028464,-0.017843,0.018565,0.000783,-0.008774,0.015926,-0.003985,-0.014525,-0.003356,-0.034532,0.024257,0.021178,-0.028083,0.186543,-0.2216323,-0.1505537,-1.1881030111019981
tablon_179,0.002545,0.039516,0.012669,-0.014513,-0.03882,-0.017978,0.010334,-0.0184,0.000113,-0.005739,-0.009872,-0.020134,0.033034,0.018309,-0.039561,0.027912,-0.024468,0.024661,0.034638,-0.016811,0.034162,0.029463,0.030872,-0.012927,0.2921822,1.20795,0.5864923,4.134235418858507
tablon_180,-0.033512,-0.007469,0.03751,0.018058,0.019572,0.037152,0.024576,-0.006136,-0.037153,-0.023899,-0.009394,-0.004086,0.034555,0.003964,0.007355,-0.019273,0.021564,0.026359,0.01702,0.035028,0.007782,0.029956,-0.035755,0.039293,0.2576958,-0.404126,-0.1611328,-1.5682288962412272
tablon_181,-0.020072,0.01517,-0.01871,0.030093,0.013126,0.013995,0.023543,-0.033335,0.021871,-0.018927,0.008302,0.039424,-0.003861,-0.025316,0.035105,0.001575,0.029914,0.004674,0.010375,0.018577,0.002718,-0.028275,-0.011551,-0.027199,0.1603177,-0.05407905,0.06417803,-0.3373242630102602
tablon_182,-0.012238,-0.010463,0.03894,-0.024828,-0.01996,-0.019876,0.000425,-0.009527,-0.037462,0.023003,0.022166,-0.003067,-0.020584,0.034849,-0.019675,-0.013123,0.003441,-0.027242,-0.017374,0.030203,-0.03061,-0.036607,-0.025647,-0.016421,0.19501,0.07799025,0.07690395,0.39992949079534384
tablon_183,0.035978,0.017309,-0.008063,0.028255,-0.021867,-0.025,-0.032913,0.011898,0.028611,0.001595,0.025568,0.025954,-0.004797,0.024617,0.022597,-0.02629,-0.001431,-0.034783,0.039373,-0.027926,-0.021005,0.003767,0.036228,0.000163,0.2391361,-0.1648217,0.04164837,-0.6892380531421228
tablon_184,-0.007768,0.027822,-0.023939,0.006572,-0.027312,0.007181,0.005785,0.03178,0.008898,-0.033872,-0.020627,-0.039107,0.024131,-0.037282,-0.038022,0.01084,0.036844,-0.015606,-0.004087,0.015868,0.005481,0.025283,-0.039294,-0.015828,0.2059737,0.124109,0.069228,0.6025478010056623
tablon_185,0.008956,0.015626,0.025716,-0.037729,-0.004858,-0.019127,-0.03668,0.018475,-0.01986,0.006131,0.006235,0.010887,-0.01355,0.035256,-0.033072,-0.024689,-0.004662,0.018414,-0.038368,0.000432,-0.032069,-0.02266,-0.000309,-0.019277,0.232409,0.94731,0.4436639,4.076046968921169
tablon_186,0.037736,0.007696,0.023851,-0.011434,0.009058,0.035283,0.01639,0.01712,0.020844,0.009868,-0.010523,-0.036906,0.001475,0.026264,-0.024703,0.025516,-0.022883,-0.035498,0.001022,-0.036749,-0.019067,0.023744,-0.00918,-0.034529,0.1517393,-0.2767837,-0.1444998,-1.824073921521979
tablon_187,0.031775,-0.026611,0.015703,-0.018481,0.001318,0.013408,-0.030381,-0.004301,0.017551,-0.019404,-0.027725,0.001397,0.034968,0.013324,0.003264,0.017583,0.007748,0.001793,-0.02181,0.010837,-0.035461,0.02335,0.029399,0.001397,0.1986675,-0.01153272,-0.03527306,-0.058050360527011215
tablon_188,0.01517,-0.02147,0.002738,-0.019031,-0.010457,0.035919,-0.006059,-0.027654,-0.010029,0.021066,0.022635,0.024568,0.026269,-0.010884,0.013343,-0.017786,0.033809,-0.00213,-0.031037,0.002232,-0.016595,0.019711,-0.026448,-0.004273,0.1702939,-0.1262108,-0.03960904,-0.7411351786529055
tablon_189,0.003565,-0.034868,0.002315,-0.013603,0.011814,0.024348,-0.018603,-0.023118,-0.022209,-0.029432,0.002356,-0.026104,-0.012269,0.003544,-0.020386,0.024973,0.026504,0.039368,-0.019453,-0.002712,-0.034857,-0.0074,0.027418,0.014848,0.2409321,0.9152277,0.4326357,3.798695566095178
tablon_190,-0.015365,-0.01939,-0.035269,0.032814,0.008783,0.006577,0.021728,-0.019157,-0.010501,0.020728,-0.018018,0.008745,-0.031645,-0.013005,0.00378,-0.018234,-0.006479,-0.03374,-0.036321,0.006091,0.003672,-0.033485,-0.000821,-0.001902,0.1929307,-0.2916033,0.01701967,-1.51144063645651
tablon_191,-0.011307,0.009073,0.000207,0.031243,-0.020846,0.020193,-0.039588,-0.010251,0.006166,-0.000292,-0.021251,-0.035631,0.015065,-0.009847,0.029233,0.016955,0.006604,-0.008824,0.03635,0.01034,-0.008141,0.035795,0.006788,-0.034985,0.2076875,-0.2842532,-0.01824988,-1.368658200421306
tablon_192,0.011667,-0.035592,0.001256,0.009257,0.002044,0.009213,0.013483,-0.019922,-0.038253,-0.016211,0.033106,-0.039811,-0.039171,-0.0005,-0.013316,-0.026465,0.036589,-0.017321,-0.037442,-0.037714,0.025187,-0.008169,0.030665,-0.023057,0.2287994,-0.3775516,-0.03361882,-1.650142439184718
tablon_193,-0.023163,-0.001272,-0.019853,0.038766,0.02839,0.010157,0.036705,0.009939,-0.029515,0.029513,0.039152,-0.011724,0.001178,0.019068,-0.00057,-0.000969,-0.004896,0.030177,-0.019617,-0.01901,-0.007392,0.012854,-0.019427,-0.017228,0.2100813,0.4229007,0.2381922,2.013033525592235
tablon_194,0.002089,-0.030761,0.004898,0.037707,-0.025472,0.005673,-0.033752,0.012079,0.002505,-0.008099,-0.018502,0.022025,0.030025,0.01795,0.004277,-0.035384,-0.028792,-0.004682,-0.030147,0.003015,0.013963,-0.01188,0.027929,-0.037492,0.1907087,-0.09859451,0.01617915,-0.5169901006089391
tablon_195,0.024277,0.022004,0.019198,-0.037261,-0.015301,-0.027328,0.004226,-0.003184,-0.013051,-0.036551,-0.010865,0.013512,-0.002028,-0.036187,0.007601,-0.004054,-0.030432,-0.000931,-0.034706,0.031155,0.004729,-0.034788,-0.000712,0.016049,0.192789,-0.2062265,-0.01340616,-1.0697005534548134
tablon_196,-0.013465,-0.037866,-0.036078,-0.01228,-0.039885,0.021544,-0.004743,0.010523,-0.013826,0.025636,0.018525,-0.018149,-0.036487,-0.023653,-0.009807,0.037941,0.004055,-0.011721,-0.004913,-0.032774,0.036491,-0.020379,0.017544,0.016692,0.1986913,-0.4601816,-0.1039106,-2.316063159282767
tablon_197,0.007774,-0.02798,0.00929,-0.033845,0.018299,-0.015129,-0.036216,-0.00652,0.039669,-0.028393,0.013459,0.021423,0.02313,-0.029319,-0.013833,0.009621,0.007275,-0.018476,0.038943,0.03288,-0.037138,0.036396,-0.035316,0.024016,0.2563975,0.8190163,0.4012896,3.1943224875437553
tablon_198,0.007333,0.01621,-0.029107,-0.009222,-0.006364,-0.005297,0.034505,0.039778,0.007181,-0.01241,0.032477,-0.014776,-0.002836,-0.013308,0.032423,-0.003788,0.014878,-0.027796,-0.01099,-0.007923,0.000781,-0.001178,0.022556,0.029137,0.3158619,-0.2282129,0.07510099,-0.7225084760143595
tablon_199,-0.012804,-0.019601,-0.016774,0.017659,0.037699,0.020572,0.005501,0.030479,-0.002913,0.014309,0.014081,0.014883,0.029185,0.020012,0.025607,-0.037885,-0.007691,0.006954,0.031099,0.036061,-0.028221,-0.01138,0.033677,0.007947,0.2153819,-0.354404,-0.1129161,-1.6454678875058675
tablon_200,-0.031445,-0.000322,0.016918,-0.03196,-0.006994,0.028644,0.002744,0.024581,-0.037955,-0.006015,0.004615,-0.008838,0.0365,-0.034078,0.005368,0.021303,-0.018177,0.015422,-0.025583,0.037989,0.007195,-0.039604,-0.036878,0.003043,0.1989431,-0.3518169,-0.1262952,-1.7684297671042624
