filename,pt_body_nose_front_dx,pt_body_nose_front_dz,sym_body_front_wing_dx,sym_body_front_wing_dy,sym_body_front_wing_dz,sym_body_mid_wing_dx,sym_body_mid_wing_dy,sym_body_mid_wing_dz,sym_body_back_wing_dx,sym_body_back_wing_dy,sym_body_back_wing_dz,sym_body_mid_dx,sym_body_mid_dy,sym_body_mid_dz,sym_body_back_dx,sym_body_back_dy,sym_body_back_dz,pt_body_top_wing_dx,pt_body_top_wing_dz,pt_body_top_mid_dx,pt_body_top_mid_dz,pt_body_top_back_dx,pt_body_top_back_dz,pt_wing_point_dx,pt_wing_point_dz,sym_wing_l1_r1_dx,sym_wing_l1_r1_dy,sym_wing_l1_r1_dz,sym_wing_l1_r2_dx,sym_wing_l1_r2_dy,sym_wing_l1_r2_dz,sym_wing_l1_r3_dx,sym_wing_l1_r3_dy,sym_wing_l1_r3_dz,sym_wing_l2_r1_dx,sym_wing_l2_r1_dy,sym_wing_l2_r1_dz,sym_wing_l2_r2_dx,sym_wing_l2_r2_dy,sym_wing_l2_r2_dz,sym_wing_l2_r3_dx,sym_wing_l2_r3_dy,sym_wing_l2_r3_dz,sym_wing_l3_r1_dx,sym_wing_l3_r1_dy,sym_wing_l3_r1_dz,sym_wing_l3_r2_dx,sym_wing_l3_r2_dy,sym_wing_l3_r2_dz,sym_wing_l3_r3_dx,sym_wing_l3_r3_dy,sym_wing_l3_r3_dz,sym_wing_l4_r1_dx,sym_wing_l4_r1_dy,sym_wing_l4_r1_dz,sym_wing_l4_r2_dx,sym_wing_l4_r2_dy,sym_wing_l4_r2_dz,sym_wing_l4_r3_dx,sym_wing_l4_r3_dy,sym_wing_l4_r3_dz,sym_wing_l5_r1_dx,sym_wing_l5_r1_dy,sym_wing_l5_r1_dz,sym_wing_l5_r2_dx,sym_wing_l5_r2_dy,sym_wing_l5_r2_dz,sym_wing_l5_r3_dx,sym_wing_l5_r3_dy,sym_wing_l5_r3_dz,sym_end_down_front_dx,sym_end_down_front_dy,sym_end_down_front_dz,sym_end_down_back_dx,sym_end_down_back_dy,sym_end_down_back_dz,sym_end_up_front_dx,sym_end_up_front_dy,sym_end_up_front_dz,sym_end_up_back_dx,sym_end_up_back_dy,sym_end_up_back_dz,is_valid,failure_reason,Cd,Cl,CmPitch,L_D_Ratio,Reached_500
pred_wing_001.stl,0.0059321102946614,0.0102593247526125,0.0226164880962976,-0.0136517833943611,0.0151290215607673,-0.0042661364721378,0.0094398615993316,0.0296143650812525,-0.0219056878295808,0.0204098133345182,-0.0196175697181933,0.020369907592598,-0.0089341386724187,0.0071691062131101,-0.0275652245036659,0.0171152510350448,0.0260173581570272,0.0288421264237321,-0.0030752271694287,0.018037483311805,0.0138298336172489,-0.0295581833106387,-0.0005057377262839,-0.0144812323387534,0.0217059182079667,-0.0108339409577696,-0.0010649319276663,0.0147309042834255,-0.0110187581429435,0.002807052178486,0.016023280034997,-0.0012620305468549,-0.0157164815484924,0.0140054728373527,0.0123168191991556,-0.0078200254427951,0.0148105850963191,0.0060009389819013,-0.0204780787602754,0.0113926389764898,0.0196769697754769,0.0072774584120098,0.0187216781355463,0.008253706537916,-0.0211155751613515,0.0015634002078538,0.0165992555306391,-0.01832022378358,0.0136634330772142,-0.0085754777178828,0.0011962155021019,0.0176548151194474,-0.0018061753692276,-5.526275117168924e-05,-0.0113147957016134,-0.0118395692885628,-0.0012549239455706,-0.016528781069362,-0.0126855882258472,-0.0186859907312368,0.0053276425911908,-0.0016101103141983,-0.0074236547084549,-0.0188217523647032,0.0105046999108839,-0.0035390822319533,-0.0123029158128185,-0.0164724494504059,-0.0020341164374686,0.0123599715949298,-0.0222145184302009,-0.0214748044315756,-0.0152682328095849,0.0117846178265332,0.0061118105817506,-0.0068026218334692,-0.0081361190163754,0.0240968586687673,-0.0125257466728184,0.0128601861970059,0.0172674727746795,0.0081548154943926,True,None,3.224424,-17.58871,-7.591661,-5.4548378252984095,True
pred_wing_002.stl,0.005667874236250367,0.010452531308139919,0.023062248866041978,-0.013234739209743527,0.015020151704163336,-0.0038800454681719838,0.00879411774662072,0.02972943864798595,-0.02335241580556467,0.021136877965947553,-0.019076010535977135,0.020244881553718487,-0.008952065500241546,0.007100853627040219,-0.02863632841619226,0.01677407664922582,0.026178535708371954,0.028550854588264014,-0.0029747542539676343,0.01767965415515027,0.01408908270584379,-0.0299656835848709,-0.00031174429752106137,-0.01375027311446388,0.021854868070948972,-0.011356650490424945,-0.0008302176964244167,0.014508326146843583,-0.010915300152982088,0.003088778029918246,0.016325471063769293,-0.0012282107758358923,-0.015838949952397638,0.013700514700842333,0.012613087192483323,-0.008676278709403887,0.01516027424962616,0.005719747221179403,-0.019994169488908434,0.011451777653208284,0.01973874120965537,0.008129333959273313,0.017875928237685208,0.0087640759022942,-0.020605537888814515,0.0008346368554890039,0.017298327248633647,-0.01769700962069842,0.014122745824565902,-0.008678493722226729,0.001271587707990077,0.017991064946651265,-0.002454407217874468,-0.00019090752112829393,-0.011007042275040168,-0.012841919892852634,-0.0009269753575397179,-0.0171360947883674,-0.012833717378215218,-0.01935994822619792,0.00634296613407635,-0.0019217410809285295,-0.007235974748256493,-0.019181178144145536,0.010174619307009863,-0.0027803432354937116,-0.011551000131404195,-0.01654284387006888,-0.0022749683962432926,0.01270486701475919,-0.022234841660518905,-0.021725448517022912,-0.01545784811570394,0.011265554368131425,0.0065055769533085075,-0.006812248973484035,-0.00879160277562947,0.025072735289420212,-0.012408725698283284,0.012412533547795201,0.01726009635557684,0.008220988951459262,True,None,3.220852,-16.85813,-7.289061,-5.234059186823859,True
pred_wing_003.stl,0.006457411417620333,0.00996755620794473,0.02287005844203563,-0.013555966056334462,0.01471430790687112,-0.004534115452317466,0.008380218532632032,0.028844678864786397,-0.0215206324922129,0.02095358842636933,-0.01913156769892528,0.021160684468375733,-0.009212853425944037,0.007200628283066559,-0.026818104560263605,0.01706568299968146,0.02567200408000462,0.028616897301027528,-0.0027062798781311414,0.017611851791385063,0.01339658831785313,-0.029613577014295643,0.00010837929576415788,-0.014018344107588634,0.022224847422625097,-0.010128140233147037,-0.0008637250031341221,0.015019011357180003,-0.011582485587467262,0.0032106296369592926,0.015724282624559063,-0.0009096601141595213,-0.015709866090056857,0.014138448045170235,0.012158420554638326,-0.008286866097610823,0.015643652793789632,0.00603798320005147,-0.020326552182004676,0.01125673879298797,0.020096803484793438,0.0076348799568675225,0.01899126950971044,0.007703371170656187,-0.02131983832910643,0.0014952086014983518,0.016578219088410687,-0.018192975555631187,0.012978638989080419,-0.008261980577970387,0.0011097827459844419,0.017437341657332992,-0.0018699686929463302,-0.0004020917383372089,-0.0109515229274226,-0.011539124763888646,-0.0007028262458608637,-0.016845695932078145,-0.012382770108497797,-0.018188664624432804,0.0053476694047542095,-0.0013192213467411818,-0.007302594147209311,-0.018478221721460096,0.010000825940907551,-0.004245086287430388,-0.013106499142724166,-0.01633043774375928,-0.0009476237003813932,0.012779836227853267,-0.022845722519224905,-0.02134657852598192,-0.01538002179396217,0.011495908265949813,0.005885740713898706,-0.006769240305613287,-0.008747861760700843,0.023961963156285303,-0.012165025052658315,0.013364056886911262,0.017397897979548216,0.009045509869580894,True,None,3.21149,-16.83197,-7.234321,-5.241171543426883,True
pred_wing_004.stl,0.006140092130289376,0.009938306499224708,0.02350354665646467,-0.012891629818388988,0.015970051107093874,-0.004886073778915939,0.009130434807778302,0.029722877259780043,-0.021198784709531036,0.020617879207061637,-0.01982577318694015,0.019468167262894395,-0.00865049407142068,0.0069462236217903,-0.027742215520892097,0.01685856368142666,0.025859862047299877,0.028926285362585406,-0.003540666109972822,0.018619467940324076,0.013851949848089585,-0.02947820179190046,-0.00021447252729216843,-0.013703552598194621,0.021236709125288234,-0.010688083058247179,-0.001279519922479812,0.013881301849001689,-0.0117777983723464,0.0028230000426133794,0.015182067843395134,-0.001228162316550621,-0.016353697664547397,0.013467498414071325,0.011863718974501695,-0.006828128014002465,0.014587316296897307,0.005951900199832768,-0.02087501930248705,0.011775451061320486,0.019260771872331398,0.007223817400562503,0.01920371696462289,0.00785273340841211,-0.021653023024781847,0.0009817665762204952,0.01704646146560149,-0.01880485658358965,0.013491868445917007,-0.00852827773409352,0.0015035715954283672,0.017825070359195408,-0.0016583518483576929,-0.00012199933907394857,-0.01127351353846455,-0.011760407652431267,-0.0014365570468465453,-0.01646146254793599,-0.012914789692361163,-0.018477926316914785,0.005578970944185886,-0.0012220365601108695,-0.007696464424731726,-0.01865742175492124,0.01040737525174498,-0.003383478051311234,-0.012436139435212294,-0.017000985708157237,-0.0017640673801350307,0.012097297590691414,-0.02207340603239543,-0.021614864459191137,-0.01627460687749386,0.012168246496122708,0.006090502816397989,-0.006800680186981821,-0.0079357665370255,0.02392103106223096,-0.013275175862851358,0.012890347771904134,0.016759639430361968,0.007433219072589,True,None,3.251079,-17.50721,-7.603919,-5.385046010878235,True
pred_wing_005.stl,0.0058628490711505775,0.009073926639697406,0.021938739963426015,-0.01454640139449067,0.015446475290597264,-0.0040146627093144375,0.009689126865457193,0.029355701315612572,-0.021563424697730187,0.020999292966928866,-0.018992218689953988,0.02051910333105366,-0.008380617020569048,0.007791788146828092,-0.02736245846100436,0.016424365005401585,0.026443871939291357,0.02865569906882935,-0.0035539213045717106,0.016822679695802846,0.01456722069617069,-0.029759743063263715,-0.0011487536149280583,-0.013986485016710891,0.022027040054791096,-0.01070001263742049,-0.00026883880838748204,0.015285940474100453,-0.011281038232026959,0.0029155993364424373,0.01649748090123647,-0.0012705559767230599,-0.015416950364217977,0.01333896467536744,0.012288397628071318,-0.00776729727994068,0.015111682996589063,0.004367819125894176,-0.019783363907663585,0.01121053546866499,0.019154244783141,0.007180848604663599,0.019201350998679787,0.008178543741564542,-0.021944064139076187,0.0018915119217441782,0.016221795182091624,-0.01768986929698146,0.014425941710570319,-0.009216734649808062,0.0010035015105506757,0.017636456396795015,-0.002630105410582768,0.0005350393987894821,-0.01085096433581379,-0.01169266336932712,-0.0012655902858745855,-0.016830232044092414,-0.011817902549602658,-0.017696983666195692,0.005418958981456214,-0.001978828071231608,-0.0074303877279421025,-0.018429913957684306,0.010173603619295995,-0.0034948979300069975,-0.013270472397903823,-0.016661843907441538,-0.002016528826474313,0.01229232983193068,-0.021368547221476946,-0.020936348739122815,-0.015322096137369401,0.012414992738736325,0.00495728922822101,-0.006575559035250657,-0.007418241582276796,0.02485208054654521,-0.012715996618760899,0.012126816655047697,0.016342924333114187,0.008082986647039535,True,None,3.289447,-18.06975,-7.62481,-5.4932485612323285,True
pred_wing_006.stl,0.006490432665238586,0.009623319583651379,0.022244092902877138,-0.013175249017925196,0.015278404593111321,-0.004413643961099213,0.009442889546721721,0.028930727742151763,-0.021726955826462932,0.021155525700153565,-0.01949517382094445,0.020896288523093887,-0.008745121223504935,0.007010133269746439,-0.027353959211984143,0.017509656409037257,0.02642738211285076,0.029769351443662887,-0.0034732773745416385,0.017865920757539754,0.013238865783987953,-0.029473794789047405,-0.0006229173733671426,-0.014547353470346679,0.020799818464239676,-0.010923645420056704,-0.0011248825724442487,0.014753071925413787,-0.011051747249920927,0.002920734056633751,0.016509162172334918,-0.0014992925429061152,-0.01582715400784115,0.013428908912808549,0.011133354094720846,-0.00770669559785626,0.015250379353146853,0.00608434907780327,-0.019750159254357667,0.011241834486739783,0.01877941618826322,0.008123980435035844,0.01802180638924793,0.007260974432273803,-0.02099712454916175,0.0012358486416194567,0.016198431568385283,-0.0179877836552641,0.013940245775540911,-0.00863124633410886,0.0014254253226455035,0.017451468027311373,-0.002046865765403393,0.00046960350695707525,-0.011500070869504319,-0.011679049274955347,-0.0007427608355203496,-0.017201836636073088,-0.012941785399937733,-0.018951933453010453,0.0053576852348902835,-0.0010568842997156404,-0.006886768022730793,-0.01908130938628582,0.010877771261366924,-0.0032905425305571217,-0.012420985061411932,-0.015828405379672533,-0.001635098142676695,0.0118099187245285,-0.022353669720980532,-0.02130608884369439,-0.015395041762259318,0.01155217456037627,0.005489721144330272,-0.006730182744133221,-0.007222376430757692,0.024142758892596223,-0.012139331874402672,0.012511381292506483,0.016034354837180482,0.008580510956953518,True,None,3.243511,-17.33039,-7.423217,-5.343095799582613,True
pred_wing_007.stl,0.005651103960129863,0.009863430179282078,0.022633430185033797,-0.013400170422010124,0.015306551125155051,-0.0041786161605821,0.008922426921075914,0.029915288541073726,-0.022054707739850785,0.02032576121351912,-0.019531836209432555,0.020341548592550975,-0.008500962948564922,0.007116633742460963,-0.027187802520007985,0.016600977562145403,0.026068602408641926,0.02860120144730848,-0.0025842642387499054,0.018062986232628652,0.013655077909386495,-0.02943210147058637,-0.0009397463157548981,-0.014318221058766357,0.022180205199212058,-0.010823668533146378,-0.0005956664787430303,0.014790077904076894,-0.011729929199992543,0.0026264774220643196,0.01621474910761139,-0.0016142903730493843,-0.01572233754569405,0.014209496160247411,0.012140084641032577,-0.009274683870026024,0.014837253674610753,0.0059618149660191945,-0.019881282924113577,0.01082091884505043,0.019647389696795033,0.0073499768045195224,0.018607068531417126,0.00900031029830926,-0.02060365713000057,0.0012730020812893766,0.016613161062184082,-0.017660835127484464,0.013541729254387014,-0.008446651852752635,0.0012779003393815415,0.017732409753062204,-0.0007225998791340275,-7.632072000116646e-05,-0.011530787094523633,-0.011697268827664496,-0.001425928303833493,-0.016639618181196487,-0.012299041712136492,-0.018991993407394953,0.005967046653003421,-0.0010674337400398534,-0.007500135867172521,-0.019137346264338773,0.010288343492589563,-0.0030529076576130735,-0.012072096397340774,-0.016609208285751416,-0.0019294275674539623,0.012082370921619005,-0.022077225293469015,-0.021474200894500316,-0.01459646044276917,0.011805837329139979,0.006183931872038239,-0.007044170735557943,-0.008147162586917707,0.02466921744349251,-0.012884695001222054,0.013035787041595137,0.016724597101877164,0.008034274607587004,True,None,3.247848,-17.68422,-7.629053,-5.4449038255484865,True
pred_wing_008.stl,0.005482339320815566,0.010219207144084278,0.023610796471621506,-0.013687288972786173,0.015393720474807552,-0.004671817427276716,0.009783598319816667,0.029983455211259648,-0.02200264524840747,0.021085125347510468,-0.019863293518388867,0.020137463549475414,-0.007894973681390667,0.0070226254522168345,-0.028008274883348654,0.017760877370213896,0.026646031203916277,0.028126364661000654,-0.003509773884213183,0.017946292110383642,0.012452382548944343,-0.02939399447795473,-0.0009528396879187592,-0.013931372751963956,0.02191251944274168,-0.010124286399959702,-0.0009422568166955842,0.015286659316256087,-0.010608448746150299,0.0024074950864761977,0.015556449032622382,-0.0007863512061777992,-0.015906047640254422,0.013750298328205611,0.012951970470965411,-0.007240966418913436,0.014933604223857602,0.006026297739101198,-0.020396226543618744,0.011009320951993938,0.019450309660214878,0.006785794064205848,0.018829180090732173,0.008304196285423372,-0.021248447565212335,0.0014463485891325321,0.01649659676098182,-0.01882953269730268,0.013317371036452598,-0.008306173105112415,0.0008153318133617799,0.01715957648161281,-0.0031624580873135305,0.0004186462505852299,-0.011585608201284516,-0.011755072796506205,-0.0015169878738288058,-0.015649136376331373,-0.012579726882511015,-0.01793098277463445,0.005435923714157557,-0.0018996931815755953,-0.007409430634020912,-0.019311750915589284,0.010011289917016462,-0.003447717357600719,-0.012577791393528812,-0.016520835980804355,-0.001661906876973236,0.01281115440751384,-0.02220151546062021,-0.02102134274546159,-0.015306518500482272,0.012729943533008888,0.006234412034476762,-0.007227671253920273,-0.007449119491346751,0.02472074332142547,-0.013006419149430555,0.012495882342529104,0.017291868390655666,0.007135296209907499,True,None,3.21983,-17.45076,-7.583023,-5.419776820515368,True
pred_wing_009.stl,0.006193405036214832,0.010064232814743359,0.022462060919392565,-0.01376459814410068,0.015006819921960495,-0.004777748307774825,0.009345998677410141,0.029611728354382822,-0.02171836459363538,0.020673888089705023,-0.019927278987479816,0.02040667107182177,-0.008389532449559745,0.006642962967011664,-0.02752037531294597,0.01734115858479846,0.02535119743516842,0.028613082679630857,-0.0034998816485315998,0.017768221707807397,0.01425860879791287,-0.029781470558516647,-0.0007597991318167617,-0.014751859885568831,0.021255810898282747,-0.010369459600364032,-0.0012308945040502375,0.01456187740664079,-0.01111231552598873,0.003053318160450237,0.015866875309530307,-0.0016883347535067432,-0.015474176581766476,0.013448281515548015,0.012880812842279335,-0.007902586987092541,0.014224535941491503,0.005412711429234432,-0.021073786818461872,0.011137235114973694,0.020105525954373506,0.00760086727848527,0.018578502636764693,0.008032317630178148,-0.021492267595356357,0.002483095362801474,0.016382239097356914,-0.018416788669253732,0.01373680161911729,-0.008616795452470849,0.0018909620978016278,0.01794350581226268,-0.001730050450215828,0.0006366608950983115,-0.011756845971378336,-0.011539959066285813,-0.0020613599749509156,-0.01570281755068229,-0.01265729536128633,-0.0184652113328189,0.005215948737781189,-0.002027774239285583,-0.00714629049945002,-0.018068836094773378,0.010404495250987725,-0.003574597140158929,-0.012730872226435734,-0.016099833323529836,-0.001742897456708069,0.013245131996808397,-0.022677963983617516,-0.02214716709189091,-0.015213846298395832,0.010905372922945996,0.006025273800160869,-0.00683458269984271,-0.007501107242538754,0.023524535234811923,-0.012640530119880259,0.011747493598663167,0.018336818595263815,0.008525047507006975,True,None,3.270851,-17.40774,-7.505169,-5.322082846329595,True
pred_wing_010.stl,0.005899970233805411,0.009791421426127942,0.02366412239502055,-0.013755477491143562,0.015395414045275155,-0.0036379415151455625,0.009613298583138892,0.028925018372433893,-0.021413464241119028,0.02003417595449548,-0.020775937971467012,0.021404517757640906,-0.008715386500555531,0.007728514094005824,-0.027381317434188465,0.016950091487027304,0.025954326936788272,0.028543962206091223,-0.0034630649011986826,0.018182748353637826,0.013807641495655826,-0.02876065184752922,-0.000302636238436453,-0.015253241014836248,0.02158083132565692,-0.011535653854050499,-0.0007584156696850928,0.01470835342895071,-0.01180329324485556,0.002540013428939892,0.017036359087149955,-0.0016389920222611145,-0.016288631596108546,0.01361080183475871,0.01318180255237614,-0.007565961706495577,0.013856994272709155,0.005282707339097378,-0.020727059962982197,0.011822030883160752,0.01973895964210834,0.007332728321946933,0.018562389849096306,0.008082017121087075,-0.02056793724250716,0.0011567986312001272,0.016642236506847513,-0.018048601098973945,0.01453847612271888,-0.008384676571485653,0.000983997433536209,0.018492373969443872,-0.0024931610200080436,0.00026551753799457337,-0.011795661286139427,-0.012196240125917586,-0.000974293233425119,-0.01673647236555044,-0.012604798076225785,-0.018448848578097265,0.0047931316118330035,-0.0013918772660375138,-0.0072100407215755485,-0.019643452944610926,0.009519504943657737,-0.003989369152081853,-0.012778114314195179,-0.017092989587311428,-0.002997668180776956,0.011677120919535997,-0.02241994327740887,-0.022410191930845907,-0.014661542265751353,0.011385361969948061,0.005687123340509958,-0.006606417255135983,-0.0073453851921504104,0.023816003184658385,-0.01345925189354565,0.012684587516487999,0.018423480989058376,0.00826962412914917,True,None,3.192963,-17.42974,-7.560452,-5.458797987950376,True
pred_wing_011.stl,0.005536243996684483,0.010421935180985388,0.023323985795352255,-0.014574561730063693,0.015105925939710866,-0.004450855003608259,0.009170196346037225,0.029842324031015218,-0.02202013065027433,0.020605459476003583,-0.019931292755607444,0.021086880830127417,-0.008806449135810579,0.007907073307899458,-0.02806860265929536,0.016585304492838848,0.027124732057244572,0.029042741098787163,-0.0030457802313687723,0.018106433246260656,0.014780398608117747,-0.029245856319726413,-0.00012597160900038333,-0.013993624880476166,0.02145889225694381,-0.010571117630237166,-0.0001704061878029711,0.014156050103573696,-0.011433158964788689,0.0029663689045656525,0.015768496444653394,-0.0012729598749366103,-0.016585976305177517,0.013712611164999026,0.012539210424186188,-0.008918877345222497,0.015270730948264997,0.005620292680644555,-0.01969330845936982,0.011633132173366739,0.019878212179122008,0.007123771598139721,0.01840614710019181,0.00808128194438496,-0.021606940654454305,0.001930433109791495,0.016533212912040633,-0.017631963417281425,0.013698784375268025,-0.009108344094816352,0.0014187657658087185,0.017422176000510187,-0.0020281270027417584,0.00010254238550126013,-0.010920747557260382,-0.011993239409076522,-0.0012928598831307898,-0.015944966409883125,-0.0113077575947841,-0.019079571149866803,0.005447187124091066,-0.0015793728082402867,-0.007477508987026098,-0.018413186881786624,0.010534287535299672,-0.002379238020903656,-0.012447609707699888,-0.016183351497209193,-0.0018768218880485343,0.012740017434570795,-0.02183887204401401,-0.02156784660082242,-0.015467721291616688,0.011416715273904027,0.0053993049995390025,-0.006780611173225306,-0.007739698868266135,0.023344576189442905,-0.012694377330657895,0.012179729059225377,0.01700937945725674,0.009157323535389846,True,None,3.261359,-17.06096,-7.335957,-5.231242558700223,True
pred_wing_012.stl,0.005313591271612833,0.009967115462070124,0.022640510497896366,-0.014291350236898624,0.015368134298222869,-0.003294275409384373,0.009917367583861969,0.029337387784792262,-0.02135197631048217,0.01965112868191035,-0.019872112919996927,0.021015272585936048,-0.008773035014176448,0.00703853343876097,-0.027475654765068802,0.016693594762154377,0.026548979564023963,0.028724532497934965,-0.00385042173796036,0.017894837182897815,0.013400749952850923,-0.030314067774997202,-0.0004704134256370915,-0.01546502350713044,0.02077362181195776,-0.011545867483402337,-0.00046760834048647365,0.014934624416052896,-0.011001510413495228,0.003564978193841582,0.015963972357706382,-0.0011849612277435456,-0.015374938741083935,0.014291328729991667,0.012635211369384912,-0.007159464277280368,0.014530842795449212,0.006809001634072454,-0.02013946166089329,0.01130788970950929,0.019944405606111798,0.006329875277865238,0.01872505567864764,0.009335131483745587,-0.02109796399654533,0.0017074333639410652,0.016470224604271784,-0.01859004035789273,0.013431408044435562,-0.00830893664813784,0.0018630169580311792,0.016587581661197368,-0.0019048744854117798,-0.0006723645106650037,-0.011398109108691566,-0.012692213576464181,-0.0009326368776632892,-0.016813605040506944,-0.012360872565427748,-0.01898443604889008,0.005835063266735623,-0.0018458609659897933,-0.007411943630216118,-0.018978255669161878,0.010210780891191222,-0.002652763530153252,-0.012378037434976749,-0.0157008907040557,-0.0010083725881249034,0.011605542824625727,-0.02189335068961475,-0.021694295476928003,-0.014843979434227918,0.01121977647065777,0.0058968656766101735,-0.006785552847403615,-0.008182734666228996,0.024683351500920155,-0.012120146654820715,0.012504328926617236,0.017490656260676585,0.00828217276469932,True,None,3.287122,-17.24601,-7.307259,-5.24653785286947,True
pred_wing_013.stl,0.006425622049021465,0.010466440844852128,0.02278073892976417,-0.01459091567400052,0.015183998901352325,-0.004184582583844123,0.009061972272355685,0.03022923255805664,-0.022900419325658627,0.020291460544598523,-0.01964515787459282,0.020400524020676224,-0.009067639038900304,0.006605120285897341,-0.027873542329819468,0.016069186005404558,0.026578227226247492,0.028371201638793645,-0.00295163559840182,0.017804842422820023,0.014191019932585652,-0.02986282790376392,4.443332191032595e-05,-0.014415137998250133,0.021050969636470934,-0.010724469747064607,-0.0007638307252220628,0.014109709993428048,-0.011206532035345844,0.002361082631352457,0.01614558890529383,-0.0011923185655015205,-0.016639141858005246,0.01389557767683012,0.012509331071962879,-0.008649192043747058,0.014800035070413284,0.006355387210332679,-0.0205590966429272,0.011026827608514192,0.019366947526328285,0.006775358736762924,0.019151172673717933,0.007498678795609907,-0.021723371431614794,0.0011776610704703492,0.016954178025331314,-0.017802094046154748,0.013457749856336815,-0.008668812700019533,0.0008590361465461666,0.018648537834065844,-0.0013675367848697431,0.00043613048983399353,-0.011854675574619607,-0.01097583322564423,-0.0009642585076361241,-0.016506557376494393,-0.01266059343829335,-0.017886531018897568,0.0063906112695201415,-0.0016231415252742339,-0.007445686880555955,-0.019309358432642042,0.010185290707247014,-0.0030975576313923784,-0.012601733714015326,-0.016701616895062565,-0.0016068240946188412,0.011947694840934152,-0.021971292765206228,-0.02201845642226473,-0.015902242693098197,0.012548919726209695,0.005496643171000357,-0.006828821083140728,-0.008361874179273494,0.02384084428566831,-0.012120700659867718,0.013086257338291163,0.017462153586518092,0.008385358689098229,True,None,3.246135,-17.10807,-7.361486,-5.270289128455841,True
pred_wing_014.stl,0.00522512655110572,0.009703273362648137,0.022524319363925828,-0.014647851520619967,0.014766002802163546,-0.0038231074192772822,0.009142892357606128,0.028558003694652608,-0.021450374756245102,0.01957663672439487,-0.019876288408641585,0.020281789126968788,-0.009100304023309401,0.007789941255037381,-0.028742499153212593,0.016850741631912646,0.02551712544685119,0.02940708423187394,-0.004064499114791481,0.01794243432701897,0.01315384377345237,-0.02950585092734291,-0.0009946612572416663,-0.014747475294356618,0.02168038996099543,-0.010057911425804221,-0.0006884120406953273,0.015991582639456447,-0.011298452657340422,0.002752917530607124,0.015096598079650352,-0.0015755723089617903,-0.01582939841937728,0.01430227745230083,0.012428391541599018,-0.008159304876852543,0.014447498902922715,0.005406940681689458,-0.02034161645310057,0.011010240882895237,0.019580524249663833,0.007248829424855614,0.018860761874237103,0.007881265255040522,-0.02069302142091693,0.0012089412689316394,0.016726374147013914,-0.018372437883709437,0.01410871195722239,-0.008150318552594479,0.001517832739954256,0.016566092038804704,-0.002205678595436834,-0.0003607929984997999,-0.011139150508168421,-0.011077864306255146,-0.0004937925353049171,-0.016079315400809598,-0.013011544482370015,-0.018497823227077458,0.005214895216046218,-0.001979685471044717,-0.0073200621428583055,-0.018067633068454658,0.011336048512534561,-0.0035228818832877956,-0.012535252763768826,-0.016143514511732213,-0.0024501333997716517,0.013075738179903007,-0.021606986047918976,-0.02233810624688381,-0.01533168359485664,0.011701487797108149,0.005394525226335373,-0.00667844346379617,-0.008499769122319088,0.023938009338375185,-0.013220316655240604,0.012560504215863017,0.017444035313764265,0.007811589501245525,True,None,3.274899,-17.56029,-7.597721,-5.362085975781238,True
pred_wing_015.stl,0.006931183836591175,0.010005636358537592,0.022430407091027605,-0.01388720075039046,0.015673221904967685,-0.004278691186298882,0.009486099576045914,0.029811683178004596,-0.021409833642047658,0.02135281600235408,-0.018912969800174026,0.02037066793297505,-0.008408345841029133,0.006315863791390377,-0.027749920523343023,0.016873998213128384,0.025805762153005767,0.02840899407889329,-0.0025852122371343355,0.01858462870022056,0.012790970290510796,-0.029630631479437796,-0.0018080960120808308,-0.014644915794845783,0.02157339671120382,-0.011362836553854573,-0.0005876309057746564,0.014469740638900034,-0.011169458384960054,0.0033642392481086814,0.016656315139133644,-0.0011461350787450658,-0.015683183420685337,0.01442598343090912,0.012575477849362087,-0.0072299630579454426,0.01480345666294405,0.005994613866489302,-0.02000826538710121,0.010804351944704383,0.019755697053392213,0.007250791437400616,0.018901503580020854,0.007725759367872533,-0.02067130996402883,0.00120737916844762,0.01657109020038955,-0.018428121955666996,0.012905797289862521,-0.007799334875394317,0.0013381454096410034,0.018087740211772015,-0.002035330855494431,0.00019160715230907778,-0.01112750716822192,-0.011460341264542017,-0.0008680628087464322,-0.015967853939793983,-0.01182977795774231,-0.0184490951944275,0.005219176739196819,-0.0009682168593171806,-0.006702017027266744,-0.018404747385284064,0.010650754479213782,-0.004095477853632866,-0.012722408078183233,-0.016757303511536634,-0.0020103671218118374,0.013053671332830604,-0.021384184417410988,-0.021123099672885035,-0.01488936991751504,0.011785710104781834,0.005849163927169824,-0.006644658633584742,-0.007704364555682557,0.02371348359124121,-0.012120551661258685,0.014073639250242949,0.01685365445782303,0.008592060881476182,True,None,3.236736,-17.20403,-7.440665,-5.315240415035394,True
pred_wing_016.stl,0.007406788922072764,0.010301746607245466,0.02234983475151667,-0.01407792063616433,0.015207064530715703,-0.003627629257316998,0.009566547908266766,0.029943630691398146,-0.022458160187884737,0.02006839728242538,-0.019333666970716354,0.02020518523630964,-0.008999318504945546,0.007111037783395474,-0.028149872296401927,0.01667420643976816,0.026405899910659975,0.028340446062466385,-0.0030631122206492807,0.018207152367907636,0.015082184632661413,-0.029634983330605196,-3.380986251847612e-05,-0.01502999096060849,0.020943328201775878,-0.01092264342655765,-0.0011913850850868326,0.014666787359394506,-0.010823146380987716,0.0027474437239583473,0.016428048522144436,-0.0005832422612219563,-0.015457048791964648,0.013301650851172154,0.012506574908003084,-0.007753883905839667,0.015440643761543154,0.00611482090822936,-0.020496234378889578,0.011491349745581818,0.018621802745349192,0.007078094394420237,0.0187114707375578,0.00798362943427786,-0.02120940140870012,0.001500718583382906,0.017100806376045014,-0.018260887394392793,0.01421169913965239,-0.007789885785516481,0.0016478037607379075,0.017232554632630636,-0.001825104531578398,-0.00029200163254666073,-0.010980866954305762,-0.011696144281266207,-0.0010374361397606315,-0.017277473540506964,-0.013000468368027825,-0.019039171481229293,0.005317327247764092,-0.0010017532912098702,-0.007411230992683909,-0.019495251131021733,0.009782871349207791,-0.0035931714825381484,-0.012564844806476863,-0.01742619836909077,-0.0028713540277699335,0.011305400922547509,-0.02198792116352134,-0.021896225590413085,-0.0155068999692119,0.011707458496132209,0.00614300455932976,-0.0067511651284839,-0.00786063426082589,0.024171926941392113,-0.013059250989264984,0.011678683414027793,0.017218007252588978,0.007720581183054081,True,None,3.231675,-16.76542,-7.17863,-5.187842218044821,True
pred_wing_017.stl,0.005503598717909679,0.009857570235580558,0.022375180735601033,-0.013965412177712199,0.014754036085318627,-0.003831797020173454,0.008882869131268595,0.029779623021387504,-0.021710977284660562,0.0196078792078754,-0.019580065023018116,0.020601877889733094,-0.009436474605116754,0.00667356831479316,-0.028091973852051446,0.01645300042087172,0.025580583736776245,0.030025236365138548,-0.003586603980480015,0.017667327271161194,0.013807504067635862,-0.029553688310902132,-0.0010041779415983993,-0.01464869439404774,0.021346736511964816,-0.010561118037877078,-0.0018594124756684282,0.015303414703153988,-0.011019265383336942,0.003394911561790427,0.015338010388063279,-0.0011620195101531645,-0.016712970084444258,0.013964348564047949,0.012969527539478233,-0.007828260860317762,0.014756703704025936,0.006192286421766455,-0.020819946906305044,0.012255620069729403,0.019368835014798327,0.007612193176523794,0.018900394304229615,0.00798709729175278,-0.021199428577916717,0.0011237548667698426,0.017252099042758373,-0.018808335874853567,0.013679191210431622,-0.008107164610687015,0.001363254950626518,0.018272837514828937,-0.0020316934695725503,-0.00031012657580745557,-0.010894625343108007,-0.011951105912873045,-0.0014894481239653584,-0.016201605957850296,-0.012451636371690555,-0.01817927712374593,0.004893257743864604,-0.0019786545650484436,-0.007414784370867292,-0.01931851875639684,0.01107834331509649,-0.0037683212179451422,-0.012667845236131313,-0.01614904213572206,-0.002890162867105162,0.012813234467086394,-0.021112524954521095,-0.02087754019526607,-0.014210616545520522,0.010806044513452658,0.005922741323412188,-0.006541728369258851,-0.007701195476654658,0.023868444505682537,-0.012796040791472148,0.013063396658170023,0.01689910497862769,0.0074876434639113,True,None,3.214893,-16.37658,-6.885328,-5.093973578591885,True
pred_wing_018.stl,0.006312236953996163,0.009873828051899172,0.022422165902872,-0.013840466435102602,0.01502152070372948,-0.003683007102016404,0.009522718871312709,0.030555383600955433,-0.021512269601114298,0.020595576563307245,-0.01982879199406431,0.020249578995253724,-0.009042495942917046,0.006683405875412928,-0.02738857008544489,0.017278493257893057,0.025641702611936715,0.028131101373541474,-0.0033241547342363576,0.018077473060123264,0.014367487991146169,-0.029254374220473438,-0.00047040196476742677,-0.013417637791883198,0.022574011543842098,-0.011370806398538259,-0.0011072655895270488,0.01388761593670542,-0.01081503703736961,0.0032295203396024252,0.015851100915850156,-0.001094402273213774,-0.016494505580127206,0.014540462444016291,0.013361143774997836,-0.007684064599143084,0.01435099241012674,0.006186404349659815,-0.020865896336014756,0.011315164615927084,0.01909136331954886,0.00697922313914416,0.01898668397791687,0.00806106056606109,-0.020838630659732946,0.0019702946409823983,0.0164927536683139,-0.01876394274373115,0.012397392083695792,-0.008877220744709704,0.0015190558945826324,0.017847157699767798,-0.0020520036353810964,0.0003853378072133837,-0.01115721836207081,-0.01099642751915644,-0.0009707080315896829,-0.016498427258248963,-0.012280386025992471,-0.01753064259064208,0.0052912684548640085,-0.0011687593374785413,-0.006771432329877419,-0.019378865088775624,0.010850621894845727,-0.0038418424108671873,-0.012198353773699195,-0.016444117891178316,-0.002148897229963958,0.012934134649176723,-0.021343808310033647,-0.021300285653709873,-0.015484762837897285,0.012305901372645417,0.006333442502565269,-0.006691965038567989,-0.007731637572116569,0.025006941957952004,-0.012595564411451165,0.012708765060508826,0.01705786941555811,0.007722542575612727,True,None,3.266302,-18.00949,-7.775562,-5.513724695389465,True
pred_wing_019.stl,0.005892449973845161,0.010350269093710241,0.022547890222629825,-0.013499136823197751,0.014858027659572302,-0.003344521151057156,0.009749571037399265,0.030273912454874995,-0.02201575153643188,0.021097469725253372,-0.01990875441885285,0.020452701180168526,-0.00907283764977529,0.0065250967850649716,-0.02756524114355547,0.016931191178417227,0.025936648654200204,0.028073592704592955,-0.0027787953283274847,0.01731466495197654,0.013979718524505346,-0.029113324956480727,-0.0008222024351490688,-0.01515442538183918,0.02219699116315712,-0.011038683502512013,-0.0011938480546112222,0.013981277590359381,-0.010861739732378159,0.0030222119617119973,0.01618715301010523,-0.0010706088451075293,-0.015701455053746326,0.014284328462531352,0.012560958094378315,-0.008171108155095398,0.01420315422969554,0.00648149025322147,-0.0205724775920711,0.011424624265993718,0.019716253541901856,0.007646094920152992,0.018652428430768992,0.009455868270016203,-0.02147340224692257,0.0015671374095879125,0.01724086225171483,-0.018566748855669613,0.013125508302678337,-0.008518995190744514,0.0011388104721532382,0.017728064258700025,-0.0018982538650324226,-0.00029551781163073557,-0.011024076779490105,-0.0118091161511397,-0.0010761711035770117,-0.01607052570844974,-0.012127734136843012,-0.018978123801214067,0.004817057133157583,-0.0021555828983441643,-0.0074268865960837776,-0.019083996407307485,0.009722512569928166,-0.003210982048515207,-0.012188687094606451,-0.01707663732532953,-0.0022179415825809156,0.012687419575076598,-0.02252917498663145,-0.02198044851892015,-0.015358328847038293,0.011406744013726391,0.0061012359526372555,-0.006745086474571893,-0.008552376555708206,0.024807079323635597,-0.012109465826430434,0.012498701228243057,0.017663624178259663,0.008737721483564618,True,None,3.228416,-17.24342,-7.422012,-5.341139431845214,True
pred_wing_020.stl,0.005747379034436779,0.010997680039323289,0.022054309580121244,-0.014020059291320337,0.015461555692190659,-0.00488212919698329,0.008856116303923033,0.029349989826211332,-0.022638310937849827,0.020813429404102617,-0.01942497773741607,0.019974829594928016,-0.00904375052238017,0.007120765379532147,-0.027605974943204832,0.017429813762890524,0.02585061031189248,0.028231542396197313,-0.0036322473250994035,0.01839990366131701,0.012519274234260084,-0.02981734539705466,0.0008502997752703647,-0.014550029495282488,0.022318339097555324,-0.01097676161360301,-0.0005689052857206354,0.015050410244292491,-0.01064823817811406,0.002403445830259211,0.015442160924707422,-0.0009157127249243273,-0.016166466092249806,0.0140876644088073,0.01321777698196851,-0.00778432950895245,0.015175112179504234,0.006029629713530476,-0.020336088708429657,0.010827378581441116,0.01969666053489254,0.008102626175338407,0.019028411624439856,0.008483044725933156,-0.021664198575146003,0.0005992631204516319,0.017121120775981012,-0.018411672103569095,0.014034579357382806,-0.00963011374377501,0.0019400329383056731,0.01791301284837593,-0.0014716650165806993,1.0193227134187091e-05,-0.011571672897525207,-0.012184583787755296,-0.001280970255457697,-0.01647970754333098,-0.012557553587560452,-0.018700304690582713,0.005616315751664822,-0.0018996808748134844,-0.007331180095459113,-0.018963838856735128,0.011187020881741222,-0.003938725253667894,-0.011686285983397634,-0.01699079605284618,-0.001794852178795123,0.012708062358882818,-0.022228633705375495,-0.02242074258688052,-0.014855181690205362,0.011222837556322826,0.006536413718656792,-0.007093581063029859,-0.007881027517715595,0.023727791412709007,-0.012636678771999739,0.012454942192136845,0.01780859045770156,0.008541840491122107,True,None,3.224952,-16.93571,-7.259429,-5.251461107018027,True
pred_wing_021.stl,0.005727792772000723,0.009569022930788249,0.0233482499509721,-0.013441261507169346,0.014883209766341271,-0.005565395248814332,0.00875677939975861,0.029854038386914684,-0.02177173260737345,0.020524856082167402,-0.019380197198405797,0.020416760294100025,-0.009087068817950864,0.007060221521462578,-0.027217831420236933,0.017516755105888744,0.026325031868030133,0.028342238575631798,-0.0019496173143259531,0.017281109583742873,0.013525714654042521,-0.02962576437266543,-0.000447439538388128,-0.015179671793211174,0.02228619645081567,-0.01079016824180143,-0.00036322635279684157,0.015468973306058419,-0.011347782677544537,0.0026387945779903894,0.016040180263951053,-0.0013953757667977405,-0.016535023193560767,0.013174813090045628,0.012444487548452995,-0.007518218596553,0.013663425987422723,0.005586284969081308,-0.02015666700804069,0.010493180397509627,0.019633650222353496,0.007219432643820795,0.018442561904043055,0.00799905965778202,-0.020606602082758912,0.001793813023604182,0.016266713556948812,-0.01791957918401218,0.013500395585454046,-0.00918007720384381,0.0010435969605940563,0.018551206497087604,-0.001815130820847635,4.983467566456826e-05,-0.01160636931702615,-0.012443101993650087,-0.000667548720694218,-0.01716484115172457,-0.013137124897065994,-0.018267381265240547,0.005202060261288289,-0.0019281574194603918,-0.007780048089683555,-0.01894338604514298,0.01036392283667394,-0.0026447664911140602,-0.012358397042000547,-0.01654320991585049,-0.0020020422635338687,0.01286109412243635,-0.02139943177507965,-0.020949837421794622,-0.015876345757009743,0.01132032633524839,0.005595395732764838,-0.006928561806939626,-0.008491613953356021,0.0232565358163817,-0.0130686025497163,0.01253695722570285,0.016752409720929808,0.008109448113861087,True,None,3.321417,-16.27486,-6.746441,-4.899974920342734,True
pred_wing_022.stl,0.005596258127868275,0.009815405495508307,0.022099992928614438,-0.013159391431287238,0.015159501282279275,-0.004044398080838941,0.009666338056821128,0.029421026782593198,-0.0222132706264316,0.020471691843424983,-0.019254532013498884,0.020811904319098636,-0.008403208162890103,0.00781789135881559,-0.02679573922519998,0.01701518084855695,0.026645293372471335,0.029130154445512233,-0.0020175239963420425,0.01833008728136265,0.01339583275166871,-0.028954486183758125,-0.0008155324722696396,-0.01484431208228418,0.022027805595865695,-0.011030797006354044,-0.0008006170054670472,0.014704792129447648,-0.010940649518583263,0.0025806471281188577,0.015171808355566408,-0.0013508210463222968,-0.01615424360073508,0.014048582761340023,0.01257385842032352,-0.007868123469393763,0.014578580744312952,0.005710358105034286,-0.01982345774527361,0.011180483870674253,0.019201050561580082,0.006219609483528666,0.018829799622602682,0.008136063442774628,-0.02133338142635545,0.0019466558150533736,0.016492690815032032,-0.01856357530641891,0.013617371283999228,-0.009094160151899238,0.0019300264744245865,0.017454430716960748,-0.001915548890407734,-0.0006317212509769021,-0.010468067143532165,-0.012404890178575958,-0.0014153919468524615,-0.01678167174608862,-0.01326212063282842,-0.019061946265914995,0.005030527248475306,-0.0013066753437502776,-0.007176341578078048,-0.02007888070900846,0.010454301675762572,-0.004032448254590391,-0.011792511257395203,-0.015412104918452615,-0.001485136744736088,0.011203733500245195,-0.02221784907928319,-0.02120124732097245,-0.014853101233523094,0.011640213569310238,0.006235915772334207,-0.00662871226937632,-0.00804527588724628,0.023581430643244406,-0.012306058089443508,0.011999709140844236,0.016967861233187997,0.008468619487544245,True,None,3.269493,-17.75808,-7.588444,-5.431447628118487,True
pred_wing_023.stl,0.0056599017373667425,0.00984712871000981,0.02218328657405784,-0.012248992214954041,0.014961591746896114,-0.00438642531897623,0.009303535303022924,0.029804442838066828,-0.02180196235589543,0.02021713782573241,-0.019641279842143734,0.020666605530670883,-0.008948715722031363,0.006669718717057683,-0.02730175985705741,0.01662255774846764,0.027146760842628192,0.029675298530420485,-0.002781852423802145,0.0191700763031648,0.014074287018104105,-0.02978704605385285,0.0004675539159488132,-0.013139951125366742,0.02172748812003978,-0.010929222204058456,-0.0007813448761923265,0.015628036066910708,-0.011642147047743884,0.0029672617507747767,0.015810343644262728,-0.0009810216719884474,-0.01566635248100253,0.014202862440205716,0.011895492978243742,-0.007688706908913405,0.015168251987963028,0.005766023755015212,-0.020516488334193065,0.011417684844939206,0.019846827023424204,0.00671925644247944,0.018454720404270274,0.008042427884374806,-0.021229528318838127,0.0010485742612220332,0.016858723313368688,-0.0184299496458897,0.013660728900431837,-0.00815931650642789,0.0020739732730673246,0.01735028656796855,-0.0020091528485224504,0.00047780015748148056,-0.010916120789171271,-0.011667206360134363,-0.0009560593584571358,-0.017463392908073472,-0.013769116365875666,-0.019136836623963382,0.005406508562618774,-0.0018157333660554172,-0.00727619922313105,-0.018266487864026962,0.010357597785995721,-0.002852496666112873,-0.012021132309214068,-0.01645969936983624,-0.0012514536042419844,0.012968697161314624,-0.02221505294243026,-0.021646748274071974,-0.015009526404345998,0.011763425356435245,0.006464449898457406,-0.007219966421223605,-0.006689889452109436,0.024155444627648556,-0.012048681100819402,0.01230795223949645,0.016841754939573402,0.007696878137165933,True,None,3.221901,-17.29995,-7.473341,-5.369485282136229,True
pred_wing_024.stl,0.0065395600870314504,0.011252849103825248,0.022369341308125023,-0.013229864003944405,0.016195232593982853,-0.004643429088906964,0.009060627132538189,0.029875452882544107,-0.021419996562489108,0.0208350232878788,-0.019372366568764093,0.02025295835751368,-0.008640885814567357,0.006404761328271203,-0.02749274761349179,0.016045571692159113,0.026614267898727523,0.029590560520001002,-0.0032904966966844367,0.01898772836533524,0.01362514326277886,-0.02894571116133159,-0.000366953248523267,-0.014819549836810815,0.02141500726922618,-0.011065108922091177,-0.0012487691486637925,0.015195630650390816,-0.01098185505089482,0.0026362866433895307,0.016159189743697667,-0.0009694381150619839,-0.016529492453700695,0.013649211166355358,0.012588341490255903,-0.007412098324031092,0.015001539026193982,0.005691128161557652,-0.020885148235678823,0.011927337400812569,0.018873686896226125,0.006572987493012342,0.01801741979526382,0.007973692244195758,-0.021645786036547935,0.0018114701988604315,0.016222096588166268,-0.018992441921673705,0.013816911279115244,-0.008321949130182445,0.0008661695326795585,0.018010504737688,-0.0013033172817468537,0.0001359916855267013,-0.011439320557411928,-0.011184707220745764,-0.0004129406214683159,-0.015998825167882983,-0.011887185029320953,-0.01837587335652552,0.004732409915134543,-0.001474272849476353,-0.006633301436176536,-0.018059502492438158,0.010098253043602757,-0.0034884549151977438,-0.012165233836159684,-0.01694087285013169,-0.0018957364928823984,0.012303636524413105,-0.02188965509127201,-0.02172813397169358,-0.01626823058202701,0.012090313784209973,0.006001535798656773,-0.006416002498499787,-0.00813621280102715,0.02383702045295099,-0.0122558660197117,0.012737680980437852,0.016973239673640037,0.007742989984710187,True,None,3.235584,-17.35889,-7.506432,-5.364994387411979,True
pred_wing_025.stl,0.005849117500564617,0.010256617427405504,0.022854596479524612,-0.012537361674652837,0.015381759217621029,-0.004561314428911461,0.009301579845752325,0.029287961125292042,-0.021927748779912323,0.02016452055503298,-0.0198629003933613,0.019797619360212543,-0.00895929436486088,0.006549123582560631,-0.026773053276256162,0.01629024937404963,0.026296666433719595,0.02896587873297031,-0.002673529855406895,0.017771052841412133,0.013684173250357293,-0.029244051198596122,-0.0009212900841977662,-0.015763182283455572,0.021463566090171107,-0.010755206887342541,-0.0012938548202427551,0.014933677630598968,-0.01056333959730013,0.0033344355411944263,0.01660156987325209,-0.0005502769718728671,-0.01569840558188543,0.01383522874103857,0.012757000531894972,-0.007558272018362451,0.015962266277327674,0.006118980607580072,-0.02079541940485332,0.011053409684426618,0.01927493031715502,0.007623467918488153,0.01833259884821064,0.008489103425481159,-0.021047399134500898,0.0018391365932702826,0.0172176120546712,-0.01899731104979632,0.013852830262401172,-0.008355913699059523,0.0009678622687283409,0.016699030117745838,-0.0022952089686582525,-0.0004590995085090319,-0.012170022170776952,-0.012018858085430644,-0.0005023061365503768,-0.017195439564895724,-0.013740905642914207,-0.018369819876745075,0.005623246785000277,-0.0022113858508872597,-0.006598536697126694,-0.018517838679534045,0.010486482342076482,-0.003631529015739837,-0.012071913808161479,-0.017228426288113226,-0.002625804285290384,0.012519069585671283,-0.022439335721751805,-0.022126857094142527,-0.015237132826699015,0.01125286676392793,0.005858026291136837,-0.007259178740216475,-0.008556706161206292,0.023900855199955884,-0.012090930008008958,0.013233761184725794,0.017203018994534962,0.007668388832727017,True,None,3.228219,-17.21483,-7.412114,-5.332609094983952,True
pred_wing_026.stl,0.0051755268594896875,0.010883978973505086,0.02208220498402261,-0.013908745001032265,0.015238139575710437,-0.003272645916430228,0.009434253695101726,0.029590159915133085,-0.02203905936950436,0.02071356953593099,-0.020317084015859743,0.018764351896513442,-0.008683110349546394,0.0070283304292734555,-0.02863661096384411,0.016979214544644274,0.025385087381779567,0.027931845860158087,-0.004151995785369713,0.019049645772907676,0.013913228161462678,-0.029554931275173692,-0.0007569711700534122,-0.014764152645390894,0.0213345525020434,-0.01005707727606162,-0.00043461198276879603,0.01454117900275728,-0.01152000503806342,0.0028250991026327293,0.017064656753204368,-0.0013517522570080998,-0.01546459813361508,0.014443381100313084,0.01136753984265445,-0.008221424011463134,0.014712665112940917,0.006168602960744291,-0.020796767518219638,0.011105179664159274,0.020171122838055354,0.007278597881601224,0.019223136605488005,0.008355188113077311,-0.020370231071973468,0.0012617800013010176,0.016036604430798483,-0.017074678100909752,0.013252479434335912,-0.007763428565273172,0.001647540348322581,0.017246261241573406,-0.00280197945147761,-0.0003019501745179064,-0.010983053484748413,-0.01173369862332088,-0.0007079502443973343,-0.01635480557832535,-0.012432515875358567,-0.0188813540899425,0.004926830818442869,-0.001385974152970726,-0.007291285663410372,-0.01899971955510361,0.010837581991622828,-0.0033247418116669064,-0.011892934529882732,-0.01620307814698681,-0.0004207383399574187,0.012264317676794083,-0.021771169512013126,-0.020964164492962466,-0.015280539673196408,0.011934779079999135,0.006490201607121215,-0.006945107852762951,-0.007566888978242226,0.024546000348565175,-0.012439911713688832,0.013150014733334396,0.017703006616287587,0.008173477296242767,True,None,3.212326,-17.29063,-7.515439,-5.382588815705504,True
pred_wing_027.stl,0.005645560088362716,0.010186905951060369,0.02294188792672466,-0.013984617981042401,0.015937593043279703,-0.004062368289534298,0.009676102758413714,0.029518368635531766,-0.022122813616728527,0.021780401185142382,-0.019892752074480338,0.020321429658188568,-0.009305413043976935,0.007864155286930337,-0.02712680959990787,0.01780865459995024,0.026796852783178806,0.02857057495314278,-0.0031966009598119083,0.019259152373363203,0.01398316685634011,-0.029354562383978978,0.0004099267835771384,-0.014617879428694963,0.02149860324889042,-0.011198267788864817,-0.0011472233966052876,0.014878315311868869,-0.010347032149437213,0.002957137060550391,0.01573608781377578,-0.0009148622141475304,-0.01574492418108337,0.0146099195982219,0.012643271689752673,-0.007606387053950223,0.014822775284209822,0.006562589244620169,-0.020706326927211097,0.011800593937571801,0.019944235396698696,0.006795132742596414,0.018504944879780903,0.008196684940928792,-0.021020092980381135,0.0022987516139969374,0.016499386629535154,-0.01780037630449197,0.013079321931635168,-0.00833447461568348,0.0018646069240607945,0.01839210865613922,-0.0015047992399307803,0.0003734422801875548,-0.012099919778042976,-0.012058400604768375,-0.0012935928077661258,-0.016043228060401222,-0.012674142163858013,-0.01850366756613031,0.005780282304635502,-0.0015679258544733631,-0.006863060427129323,-0.018676473950403318,0.010302499971446655,-0.003892114714806329,-0.012184020184153344,-0.016576642620347505,-0.0019299334757020355,0.011961759131642383,-0.02186651667166032,-0.02119154732389184,-0.015315145766649529,0.01156403503648982,0.005694394590460963,-0.006817076214196205,-0.00783161372557221,0.023414297885168304,-0.01217690431938667,0.013482573515427207,0.01718184396102851,0.00768089237670607,True,None,3.228836,-17.01385,-7.360126,-5.269344742191924,True
pred_wing_028.stl,0.005631609895675334,0.010311594910885295,0.022068765135791292,-0.012918952648503129,0.014974960483867145,-0.0035291456531738883,0.009350932279858688,0.029978918610915672,-0.02166877407934901,0.02074413003225093,-0.01929793329196575,0.020961372986500186,-0.009186386627468348,0.007470001514869185,-0.02830694898075347,0.017255933924309096,0.025387438778126055,0.029459929509579333,-0.0024318654691258454,0.01753766715724047,0.013569465719846371,-0.02951509037452428,0.00047400786515391555,-0.014214584214128858,0.02167168430462875,-0.01023942476427332,-0.0012406787465331665,0.014940573752921987,-0.011157444458538819,0.003329231808835387,0.01673126947727243,-0.0011161829820768448,-0.015482035615496654,0.014247261786374749,0.012482334632478971,-0.007222329389295668,0.014722851131104036,0.006157995032634413,-0.019353132116182423,0.010934418357188416,0.020193106621710276,0.008191002857363395,0.01905865181170497,0.007776264366436666,-0.02155564235745668,0.0012397779701055415,0.016675870861194722,-0.017987716955954837,0.013455589401317832,-0.00837628036144113,0.0018724874190175155,0.017644473142109138,-0.0016903768416624346,-0.00013872702539681193,-0.011404756282048798,-0.012091414089626551,-0.0013337146174171263,-0.016347837358643248,-0.0127395787927553,-0.017934234732578665,0.005263498577581151,-0.001158220017524957,-0.007397014022308369,-0.018975884472912846,0.011100211182309798,-0.004097569006229762,-0.01259540965509405,-0.017255491597877582,-0.0025669074352424586,0.012725041932303114,-0.021456856179488046,-0.021467404891267142,-0.015578872663396574,0.012152704452508305,0.006688833918849485,-0.007557411965004774,-0.00815865873401576,0.024024586354666397,-0.013275227230440405,0.012790019602885625,0.017400867681601904,0.008179471386944089,True,None,3.211196,-17.38661,-7.493505,-5.414372090647846,True
pred_wing_029.stl,0.006014594011836147,0.00945471486520559,0.02209569976588099,-0.01350831090486768,0.0159050286770163,-0.0042466478528816205,0.009540164873443073,0.028775871081909512,-0.021343928857633053,0.020074597115600862,-0.01954431640609809,0.019892310624144958,-0.009072476569049146,0.0075690545013783455,-0.02742026561592176,0.017059926435532075,0.02604549034867857,0.02918109342271577,-0.0025287047825318034,0.018327186044614283,0.014263263705016804,-0.029761456346632895,-0.00024437401109299594,-0.013774390236772033,0.02172283241150014,-0.010755379135822009,-0.0012601398923084708,0.014531781090853114,-0.0112268719021411,0.0030068628274396354,0.016506068969677233,-0.0007483657314143149,-0.015997861727225823,0.01348719482974631,0.012433273013861518,-0.007780185830768169,0.014927163726271465,0.005973022359107976,-0.02095323802606132,0.011388202641972111,0.01971179562322613,0.007576881890879737,0.018886583838663182,0.00828488198058113,-0.020706264354069137,0.0012104213367151535,0.016267654993721525,-0.017799094954094763,0.014135616206502055,-0.007933991486578201,0.0004693240714576947,0.0172011297104857,-0.0026356481283303515,-0.0005168762355777525,-0.009671009598658607,-0.011829913962941536,-0.001466168750781023,-0.016527332827241406,-0.012963727467118616,-0.018778881298818495,0.004995049326608786,-0.0012329264668748266,-0.007308024327283149,-0.01877945139549921,0.009882807106086786,-0.004136305790287082,-0.01246154815640425,-0.016788822210180625,-0.0019614592481660893,0.012356327577062457,-0.021450952667502573,-0.022076705626996113,-0.014824843054220743,0.011532862324807353,0.0061288542387746585,-0.006870886046591614,-0.00772023999571434,0.023534568977948724,-0.012459682749866693,0.012729102955787872,0.017036717648147265,0.008045249998681909,True,None,3.220349,-17.39129,-7.538009,-5.400436412326739,True
pred_wing_030.stl,0.005283061035442478,0.010389507008451097,0.023594597938263896,-0.012930021658599262,0.015351478871005792,-0.0038787820704423897,0.009185249441363067,0.029385389585023333,-0.02203287309796489,0.019822997242686522,-0.02023042983210645,0.019798303921709753,-0.009386617654077549,0.007165404002205934,-0.028162584768451786,0.017506054575620142,0.025441636662197013,0.02809787698350999,-0.002345315317238709,0.018116312825833477,0.01434672696485869,-0.02862148927149411,0.00039363061297034273,-0.015418034810284142,0.021631447949177166,-0.010014768102374958,-0.00040140855154263146,0.015057499601754901,-0.011029594548424754,0.002728971986854317,0.016195782158105753,-0.00041123896372989967,-0.015754729713186217,0.012907494710930027,0.013092679217242973,-0.008676165569347008,0.01549725518618441,0.006356952978644737,-0.019787197569566168,0.011486790930946443,0.01976705697934749,0.006275611905666728,0.019463041319097613,0.0076991208499036755,-0.020045703677511028,0.0015394919184647327,0.016434704692048413,-0.018472260254475157,0.014022557857563038,-0.007854929033049544,0.001876422738054616,0.017999355467506622,-0.0023168388748309033,0.0002789906872158847,-0.011659203108157169,-0.011867142503917546,-0.00249938305479885,-0.017192811302379454,-0.012839995550254002,-0.01855146968137554,0.005939312213084232,-0.0013537025037402364,-0.007082943083606849,-0.01947018952309325,0.010977284346406387,-0.0031737042773733663,-0.0114457976089773,-0.016157335894061493,-0.0014503521067417082,0.01271565675971313,-0.022114236943768947,-0.021848794797623656,-0.014490135365985984,0.011810098440994368,0.005997550547225235,-0.0070653814122567365,-0.00816404016794104,0.024051325999114442,-0.012471779086061096,0.01277252409371964,0.017090862562924955,0.007852527494124857,True,None,3.228176,-17.23947,-7.44973,-5.340312919741675,True
pred_wing_031.stl,0.008278151777965821,0.01079783667091893,0.021682579987043087,-0.01456977763058549,0.01432221815341593,0.0014633070902891083,0.008445421892110706,0.02776963986115989,-0.02258437778043108,0.02278446849185092,-0.018654636189843452,0.020420511640820548,-0.006830444226338029,0.007009820449231159,-0.027640559905893543,0.014016888032681033,0.024859884841457014,0.029217044522870234,-0.003231340844137049,0.017171281392047405,0.012206534427252117,-0.02985840759913491,-0.0013514192647724737,-0.015300054295334882,0.02165132182002608,-0.010938808231815648,-0.0001513128339777204,0.0139261339846719,-0.01269846756738907,0.005259414430609751,0.01762842362217428,-0.0022198013343973943,-0.014152068637333816,0.013551582215754934,0.013714859314444158,-0.008775600879694609,0.015039023464198222,0.006211429230726792,-0.01800481956641223,0.013164739321241254,0.020520605548964732,0.009732060286228186,0.01911020439003792,0.008637700562007938,-0.02051641088830915,0.0024716737883917826,0.013914573327536761,-0.01957730936805939,0.014950955628838697,-0.007710893775294759,-0.0009820375357905834,0.018908678297516426,-0.001205938058379035,-0.0018891852859894628,-0.010801254508266257,-0.009517735168157685,0.0003074160289748954,-0.016835421491630767,-0.008877798822284847,-0.017689397730389175,0.005913394761125622,-0.0011292027290706833,-0.007305365815427021,-0.01987356462612119,0.010988357488920667,-0.0012780019842900674,-0.010680135011479354,-0.017483446152465273,-0.004566379039918305,0.0124735660724246,-0.021633769277399285,-0.020150250783102047,-0.016312006097703422,0.010609578296593787,0.007355004078554674,-0.006902267650403013,-0.008426340855373478,0.02600629942278086,-0.01405728750175583,0.014554876933456534,0.01780234732506949,0.0072444779331667245,True,None,3.252438,-16.09614,-6.74985,-4.948945990669153,True
pred_wing_032.stl,0.008047725261840562,0.010300655788746074,0.021586672937327363,-0.015186264166304942,0.014039223487827063,0.0018383841245641006,0.008934027286871498,0.02754294691124881,-0.023907671324240203,0.023032596597103216,-0.01914997284381682,0.021002445869269283,-0.006584294998536121,0.006766505919387902,-0.027026095770562013,0.014192143089373704,0.025601348371553832,0.02848485121074737,-0.0024592425103747238,0.017235136274568626,0.012549484083895389,-0.030084751632232815,-0.0007712915720227546,-0.016135891908449437,0.02121467269217129,-0.011210573191447745,0.00036395403425524176,0.01471230915563403,-0.012232794671813733,0.004688712019650314,0.01660921367287973,-0.0023965505007523184,-0.014053615655124318,0.01373386614887737,0.015022858179715616,-0.008620994289540794,0.015255058980431896,0.005742825133158845,-0.01754819347286656,0.012268631536288883,0.01949503345935229,0.010150339233747042,0.019532456076876675,0.010460947150537643,-0.02020933099406114,0.0019284668934939787,0.013873929086818962,-0.019834104744946155,0.014937213494518115,-0.007243150235680452,-0.0013599776043599831,0.017608068814533438,-0.000704684830986878,-0.0013624467605504323,-0.009844164362412507,-0.010835997363691154,0.000678156517242132,-0.015807085150926062,-0.00924494464308029,-0.017116152203487625,0.005429725027728601,-0.0010902690647301885,-0.006873640277938733,-0.02040294572168956,0.010481698597738353,-0.0011478451541980439,-0.010174665109765705,-0.01805758984939817,-0.004280143798720239,0.012612771130523132,-0.019694190134759024,-0.019566692120986898,-0.015892487093345044,0.011356654218136598,0.00713313504270143,-0.00753307011714565,-0.008888464580694751,0.02458145448010825,-0.01334119951425556,0.014511154787596943,0.018658367384468844,0.007527441742121364,True,None,3.337956,-17.75973,-7.506173,-5.320540474470005,True
pred_wing_033.stl,0.008227033487927247,0.010161338754890786,0.02227656153845168,-0.014765261049842708,0.01413660325561977,0.001896159124990943,0.009349152019547226,0.028325196385100785,-0.02354645215220856,0.02305356280509452,-0.019459997272562164,0.022086389796628723,-0.00663751418045686,0.00724362580037191,-0.027911005939771846,0.014240260481294814,0.02464343606488302,0.029166598415773116,-0.002876029006478287,0.017181577129957888,0.013581305147314057,-0.030012241205918912,-0.0006957279658919442,-0.016060145657738903,0.02221452702898582,-0.011352763072207187,0.0012690766770127354,0.015231129553478074,-0.01141387937608042,0.004868816077867908,0.01624635996664885,-0.0030028233734879306,-0.014461844104662664,0.01361380814589918,0.013469467541143441,-0.008885225064715535,0.014696291349792518,0.005580685437918452,-0.017576905641834513,0.012808364539756091,0.020701477162133625,0.009431960955191148,0.018985433251801544,0.009548002380547952,-0.019365744187205682,0.0021973493285925537,0.015380114874676113,-0.02008982211250385,0.014474408158215754,-0.007262061836092682,-0.00032786560863981215,0.017918902447696276,-0.0008562075757865197,-0.0023635350409700706,-0.01026185650872035,-0.009780842841296572,-0.0001060853853168471,-0.015471774435984818,-0.008593646675910598,-0.017805533601934438,0.006513110975589573,-0.0016022651003051063,-0.007010423102516255,-0.020632796761010437,0.010319241370631933,-0.00034095643851917074,-0.010678387131206784,-0.01803931775834716,-0.00428988959963845,0.012477380618455545,-0.021429371546349232,-0.019895954136367223,-0.01583253943656397,0.010977156812623868,0.006992657166927208,-0.007331328371673095,-0.008640504125706012,0.025190677426017643,-0.013929176129342757,0.014396246760873064,0.01785102205314319,0.007396767422432896,True,None,3.2208,-17.16701,-7.370557,-5.330045330352708,True
pred_wing_034.stl,0.007795461739120949,0.011085192524947513,0.021396483303706186,-0.016505961733949914,0.014189544615393476,0.0013907993803197953,0.008938278692434016,0.028493565195451008,-0.022557205717445187,0.023060488348864608,-0.01784647559557339,0.02033173473153265,-0.007028192044220602,0.006955308777749162,-0.027912002875144254,0.014418525684118113,0.024970314654424373,0.029362328380268247,-0.0036924733214771816,0.017651490740775336,0.012660183833139152,-0.03009173826611196,-0.0016867688139095777,-0.017103375604865412,0.02222109068025439,-0.010830999004809072,0.00036660322452926005,0.01441383380254002,-0.011927257470901023,0.004123087996392808,0.01722873923802679,-0.0017255035260757448,-0.014477753353807132,0.01385428184433345,0.014435768205169994,-0.00769388554008851,0.014898096838582073,0.005523909738944984,-0.01717189454112309,0.01319616442065451,0.020308740646050514,0.009279299283268264,0.020096783258580615,0.009557870627862257,-0.020920607484674905,0.0018403896977219657,0.01325384091687403,-0.01955306448456562,0.013911743347660446,-0.0075598745122972405,-0.0008771170441374287,0.0179826469370815,-0.0008620853628948443,-0.0018675538675898364,-0.010160976225683257,-0.010567955987752564,0.0008560243864612322,-0.017973587886873726,-0.009442346753266318,-0.01772823680757665,0.0056859311528661615,-0.001068830502220645,-0.007375613183666974,-0.019447045063043518,0.009705829211881338,-0.0016969875678381702,-0.01139440522900621,-0.018025929833356574,-0.004722934240050479,0.012972591770374263,-0.02066862435473546,-0.019961761815054463,-0.01666043420368057,0.010735780566475416,0.006458553284507691,-0.0070655037711654855,-0.00832524306801905,0.025002349565585703,-0.0138156795484419,0.015758930427329378,0.017732345875601113,0.006365044473828603,True,None,3.263212,-17.80087,-7.691431,-5.455014874914655,True
pred_wing_035.stl,0.007282011735271083,0.010549305692000813,0.021681712939577717,-0.015316281709016655,0.013947355018652352,0.0015558117307652515,0.008646279105373715,0.027715439917078626,-0.02302662629381438,0.02283269678724099,-0.01957234755029139,0.021102574663820504,-0.007034596007495097,0.006379880036090817,-0.02702572047343967,0.014213774868171153,0.02507930349412657,0.029848882203519146,-0.003910831469918995,0.017429195804739995,0.01249649823444387,-0.030362841257933523,-0.0021471082962375146,-0.015842767595046412,0.02121921905267364,-0.011034227708771691,0.00010383334348740546,0.014072802045766789,-0.012023281223027836,0.005042973806319379,0.01684139765873957,-0.0017719499721963908,-0.013994897121282122,0.013105976155927178,0.01398550738902393,-0.008444322419704421,0.015625640060063055,0.005296411595556575,-0.018747140225453762,0.013289793881347654,0.021026885344325695,0.010038935918029622,0.01937416789944862,0.009215897529293571,-0.01929014730273739,0.0029192493797536483,0.014112030324573076,-0.020720845020946076,0.014518282386766125,-0.00797244084593526,-0.0013604666377372157,0.018409369047290274,-0.0011563485676222597,-0.0022254869591333023,-0.009976518228721438,-0.01000798543393135,-0.0010940030785640549,-0.01650411603914019,-0.009015541815658543,-0.01743719547688692,0.005843477655170446,-0.0015345837285393922,-0.007499179772561646,-0.020213012834913616,0.010850978170852028,-0.0013979231501158645,-0.010600920985796129,-0.017257653561921042,-0.004912536231442405,0.012901769117407058,-0.02049891991548908,-0.01995011385478904,-0.016149202711579727,0.010445100835494443,0.007339317198796033,-0.006992200262483547,-0.009054901177155666,0.025012422024196214,-0.01398637677778834,0.014463748542878263,0.01866974275071796,0.006968860207574698,True,None,3.217143,-17.6431,-7.680904,-5.484089454525335,True
pred_wing_036.stl,0.005259707553134051,0.010007743155508952,0.02236997352630938,-0.014939547696062101,0.0152808925208928,-0.004841561669621866,0.008875179630973168,0.029848902941191423,-0.02233464762157882,0.01943772401990096,-0.019832588201880826,0.020293175687480045,-0.00967849838623921,0.006633096354177019,-0.027638139058878946,0.017085234422954447,0.025990527246829966,0.02948924693289228,-0.0031089939404657847,0.017985087736733147,0.013184283002498843,-0.02922292445680117,-0.0005143453983880326,-0.01404590447652164,0.021267041199764657,-0.010952929481296473,-0.0015007922695040605,0.014838558864153925,-0.01079484526511334,0.002851931714904463,0.015878966371320875,-0.002617373667753731,-0.013909861656666604,0.01501500898190127,0.011880641545712516,-0.008350558971355004,0.014907115854079916,0.005211073683755571,-0.019838866883440325,0.01139897350934099,0.01987287033904492,0.007381958569658826,0.019489597448177295,0.008191181101512377,-0.02124803390545466,0.002356248974743717,0.017029821816998792,-0.01849658837504885,0.013671100843783831,-0.008019523030012679,0.001202563051631315,0.01817273592738747,-0.0016198384255858562,-0.00021024946929951778,-0.010591908585967931,-0.011146371295318041,-0.0009791469603566366,-0.01683209777281516,-0.012571540171506997,-0.018002735341808504,0.005052210532001227,-0.0019131251019349677,-0.007428072421093248,-0.01878057992523225,0.010639602663904823,-0.004056904135329551,-0.012381269509482623,-0.016247527854132877,-0.001581318424969001,0.012301083182176407,-0.023204869060682736,-0.021170997893178247,-0.015070952771083527,0.011794405618587092,0.007616647122180548,-0.005344115341993762,-0.007737691404584493,0.02384079327228764,-0.012867802594172351,0.01278666776846509,0.01799616176050046,0.008449831712537227,True,None,3.231871,-17.40665,-7.525756,-5.385935886673694,True
pred_wing_037.stl,0.007468810929602372,0.009847626740199272,0.02482678754674731,-0.014660072215867136,0.013434358497890082,-0.0017595647249227478,0.009275005344889852,0.026812106248939767,-0.02355358738866117,0.02171015680330218,-0.018828762367493347,0.02326534239172486,-0.008486863219535833,0.005464569448821119,-0.02811935287282216,0.017762345484792733,0.0259438667394529,0.027920081528345415,-0.003246685658456803,0.019237224177753486,0.013174961504539923,-0.02811495760267601,-0.0025618858444102525,-0.016172580394018258,0.02138606822423186,-0.012586345843152599,-0.0015700659305218796,0.012580365957129974,-0.011374031402012888,0.002531686385368999,0.017110479714881506,-5.596446373016422e-06,-0.014996474439598057,0.014810243704496386,0.013341157186340843,-0.009832670414003878,0.01442859705845838,0.005947125887234229,-0.016994114452152775,0.012732677392494415,0.018094249240164686,0.008539666201260461,0.014774402975652546,0.007827057537047995,-0.018955897235920376,0.00206401939103815,0.015510709115998566,-0.022289346247703856,0.016788199828668846,-0.005676459908349944,-0.0009267778232521314,0.016313419784151566,-0.001273286589289992,0.0005517060586509465,-0.012025828483256343,-0.009460779830251557,0.0006126110195792723,-0.014846976814687739,-0.008686490547825138,-0.020725050446736972,0.005726380218449603,-0.0023858163224927398,-0.008761422455912238,-0.018207556867500897,0.009818595879844336,0.0009056439025673501,-0.01192668721323818,-0.014607481953893619,-0.0028578267172626273,0.011036392006873678,-0.022620354816542954,-0.01978984826278955,-0.01565356319755452,0.009813698252462802,0.004846697840618993,-0.0068221388458483785,-0.01002052724516631,0.023661474442739548,-0.012268921796316263,0.01440282237853651,0.016491208941293297,0.009011143875838559,True,None,3.32938,-17.82088,-7.661786,-5.3526121980669075,True
pred_wing_038.stl,0.006399061399697818,0.009988193048917014,0.026770977513954235,-0.014842069575694995,0.013331283334753587,-0.0036884180722224894,0.009332067652018768,0.026627762321047847,-0.022866654495362754,0.022520629713589032,-0.01870715163195152,0.021709825010590093,-0.009547531706571896,0.006661395985403996,-0.028066370867087808,0.01804191761191269,0.02577018078053066,0.02890255943684779,-0.003413340745667593,0.019112427437130004,0.012689783527191368,-0.027951533788821325,-0.0033021102307159546,-0.01620588281211487,0.020619522673636207,-0.012306664796741116,-0.0017299766375256673,0.013135839547160681,-0.010615111200793347,0.002634317769499609,0.016324041765149257,-0.00119087365595733,-0.014286736791494777,0.014707668981753347,0.014057455762513384,-0.010041289640315806,0.014958302753643418,0.005657223546084823,-0.01630803108908842,0.011361000829862382,0.019090123207618277,0.00949271554758907,0.016814084454897408,0.007528982647008664,-0.019873494421970152,0.0019799376998187574,0.015455709861047936,-0.021446564915976928,0.016158016890668668,-0.005061966513949299,-0.0012461713166456183,0.016817852346141388,1.3238986198747121e-05,0.0003810855145370858,-0.011694759582690582,-0.009521573508052184,-0.0005491838435414699,-0.015858407657089242,-0.008840860613164178,-0.019724581790455924,0.005795614571946276,-0.003149131718078833,-0.008352827094662868,-0.017149352288256363,0.008826828692284006,0.00013048328497610394,-0.012157377900960642,-0.014169416205803748,-0.002179747479719253,0.010394456424722916,-0.02290572740619347,-0.021544502103521986,-0.016929132415423404,0.009927096454981304,0.004985335885470502,-0.007381235627923082,-0.01023161518234601,0.023192480536302174,-0.012631379796620304,0.014178570544846832,0.016337786650973858,0.007498727545582522,True,None,3.336041,-17.7905,-7.632161,-5.332818151815281,True
pred_wing_039.stl,0.007849088496162036,0.010175951078021446,0.024856884490762815,-0.01586822010965443,0.013375871438764352,-0.002652869593929905,0.008558154049812666,0.026902417000910017,-0.023537883159553002,0.022924967627335643,-0.01872365684714728,0.02276306187886454,-0.010096964000986934,0.006005366209771485,-0.02835158106352856,0.018721745293034858,0.026389994831530404,0.029451403789398083,-0.003916217497505913,0.01849568137327103,0.013434322644586511,-0.02746076674565897,-0.00345639495622024,-0.016868576072648817,0.021826954963714403,-0.011583769992601602,-0.0016986579091224033,0.013887194152446122,-0.0103967394851976,0.0030678091579540625,0.01685784960373518,-0.0013123922440635917,-0.014652480794997008,0.014931637316566538,0.013477540106226978,-0.009966949574650625,0.014816649570533306,0.004744887433376918,-0.01756626317555325,0.01165639435158968,0.01819318583428898,0.009147478999798961,0.015637276871088263,0.007612070512330183,-0.018685671461829426,0.0022666668593675516,0.01694032836642897,-0.02081741916677907,0.016386291872868636,-0.0048429527618125785,-0.0019932393838328327,0.017167429152245197,-0.0002680188077937943,0.00012751657575868242,-0.012347842635868057,-0.010029351255541757,-0.0001530165198289601,-0.015419986616150143,-0.008332911698842578,-0.019915096092141312,0.005311964636838617,-0.0018492995879445264,-0.008094015421365522,-0.017989105807452374,0.008619620533905647,0.0019322455669660392,-0.012021082427847671,-0.014059500707593322,-0.003188998590113991,0.010783497141174023,-0.024091561975287196,-0.02018169970235201,-0.016758207797418368,0.009697652433930126,0.004871000466539895,-0.007659511074220477,-0.009619361173478452,0.023839898723205553,-0.013429998919229488,0.015024148212874303,0.015565823869018981,0.008134972692527428,True,None,3.349016,-18.0135,-7.716513,-5.378744084829693,True
pred_wing_040.stl,0.007612395191414063,0.009969755276591942,0.025204635452820732,-0.014516055439092138,0.014727612738545075,-0.002870228770542938,0.009443316998833738,0.02783078618279583,-0.024058424969037262,0.023440825605505974,-0.018161741236101512,0.022410644446865982,-0.009008499770428955,0.005991148322670849,-0.02811981448532455,0.018366393883295508,0.024963985761196655,0.02897145149775059,-0.0022374568999475905,0.01858377743138713,0.01247816629359698,-0.028350549065590546,-0.00249136475974076,-0.015284711981501935,0.021991908521289735,-0.011591132215307486,-0.0025537297792380172,0.013780238861859605,-0.01083227212455596,0.0029905956641279804,0.016753217395114782,-0.0016931216836835353,-0.014138049806937192,0.014430157082535108,0.013408200568289157,-0.010056194548076571,0.014327520974853559,0.004996798211385322,-0.01709921461347215,0.010983899707495626,0.01821079526641954,0.00955291434000421,0.016841475514343163,0.007382179270241094,-0.019793384198311354,0.0031114410625533422,0.016561873864064984,-0.021797966182507383,0.016886997776905038,-0.004718248533376768,-0.001270997850858237,0.016343414191740627,-0.0007324362496817843,-0.0006324413730842259,-0.011507233317443,-0.009983564612405252,-0.000527728030899962,-0.01503032248038959,-0.009131699301116293,-0.01978846628336122,0.005355046717457059,-0.002408079157919817,-0.007800594097729412,-0.018337603005575957,0.009025609359517293,0.0011874686940715011,-0.012394909574862062,-0.014880646062957201,-0.003191121328902271,0.010519514236902163,-0.02329528377660678,-0.02179551024976259,-0.017060080023337518,0.009787024202478695,0.005320760320410893,-0.00844889726549217,-0.008280481490636628,0.023044675997368935,-0.01284311670859072,0.01438943572126819,0.016984896055120473,0.007920556389015194,True,None,3.329726,-17.33524,-7.328898,-5.2062061563023505,True
pred_wing_041.stl,0.007098760450294646,0.009441524997234791,0.02459026951469161,-0.014048259122239507,0.013313641916220456,-0.0035064034359641467,0.009136491192598436,0.027186846621796015,-0.022510826136837823,0.021202536804765,-0.018390233337489115,0.02121729284310572,-0.008774659784445124,0.005717268096256726,-0.027906443170016084,0.017858953785181184,0.025687363164059743,0.028534409555687697,-0.0035438310547108325,0.018507984632708297,0.01340269280322075,-0.02744301151309669,-0.0026888837343357753,-0.0149582614142382,0.02133592055965275,-0.012633529763340888,-0.0014170273079756501,0.014149240482853764,-0.011399837324068905,0.0026977812318957914,0.017098499203571628,-0.0012197321818089926,-0.014788019413429688,0.015061625845565271,0.01294229328630794,-0.0107941073558086,0.015214440030454001,0.005487802521881626,-0.016811450008654204,0.011512146234969503,0.018902472563743843,0.009397979597446617,0.01665363652990419,0.0084373358006939,-0.019056756924447974,0.0021837641563571147,0.015568902484965407,-0.021847919405669637,0.016203370622705406,-0.005485539443163401,-0.0010931423956455834,0.018155734161642303,-0.0006287979276148681,0.00120640670946901,-0.011119157394821909,-0.009744754172138307,0.00045396390341678674,-0.016078344893078616,-0.008473143313787871,-0.01894519856224023,0.004418504631448723,-0.001975671243302599,-0.008350168754132315,-0.017737385591997827,0.00881205818857367,0.00041060603465854566,-0.011717921226372238,-0.015239088432307106,-0.0030355777214201825,0.011277550918060727,-0.022581522837606477,-0.020962801997554275,-0.016646369806202245,0.009348840402145566,0.004981024529523107,-0.006783476971413207,-0.009472568948210936,0.02299213602096651,-0.01166987845632497,0.015294909095111352,0.01640460976404812,0.0091502904440115,True,None,3.385872,-16.47677,-6.732986,-4.866329855351886,True
pred_wing_042.stl,0.007385373151134316,0.009617950912110965,0.02549460755843767,-0.015465624310133054,0.013765543108562988,-0.002267471330761308,0.00874478446635229,0.027953563833944994,-0.022447628090180857,0.022234513399093374,-0.019523448380307572,0.02324319784876934,-0.009543725693008286,0.006112840279503123,-0.029076325379343668,0.01910521606254279,0.025179020083378818,0.028174763834838402,-0.002803046984896472,0.019687759975036127,0.01269813258569621,-0.0287138695974296,-0.002298158930670568,-0.01669180612818629,0.021249586567132706,-0.011704052612198753,-0.0013827240750134539,0.015552098652017378,-0.011981635272534957,0.002865821358558954,0.01722736460541118,-0.0012292052397540403,-0.014412680028366272,0.014073708334834763,0.013334673517072565,-0.009517963375215847,0.014610670457811647,0.004773794182391127,-0.01697308574051619,0.011944760233843103,0.018700594237481834,0.009088433896469938,0.015840498346536135,0.007375034472830243,-0.01941228512194262,0.0017969261546170873,0.01627512963332933,-0.021596539276191942,0.01572631877084933,-0.004225383923759151,-0.0015971047047123612,0.017071970150146942,-0.00018283553603150662,0.00036573573788033307,-0.01159115179677419,-0.009348597061313505,9.691007601794445e-05,-0.015372075646129298,-0.00860970722827717,-0.019231685577775555,0.0060100172339834605,-0.0033070876216415553,-0.008928127733992063,-0.017751251009156945,0.009055206694383075,0.0006643652378518523,-0.012210498208706306,-0.01411456357810831,-0.003364376778473026,0.010603278413679869,-0.022093002536433443,-0.02011102412520074,-0.016670338960363743,0.010201405541617735,0.0048990563166846635,-0.007905616692214415,-0.010373490459021343,0.022845439911497598,-0.01230046541170778,0.015029034518755077,0.01616021251150411,0.007555869540734377,True,None,3.291079,-17.58743,-7.486281,-5.343970776757411,True
pred_wing_043.stl,0.0067544914676535145,0.009817562735362577,0.02621818111444308,-0.015240288587205164,0.013959732804087011,-0.0031792998894886247,0.009063186992215788,0.026110798610446396,-0.02313798589867984,0.021868710306305515,-0.01866123392558579,0.021593376796500027,-0.008416050192538544,0.006652958994997666,-0.02788740812847425,0.018940599464970054,0.025528762427459363,0.029322181925753536,-0.003928218733923506,0.01943487484071405,0.012264331765056317,-0.02891008105649819,-0.0031611788192185356,-0.01617821690845183,0.022400202778575684,-0.012373145502869104,-0.000929688007561323,0.013911527242505897,-0.011152782664577098,0.002493237396767725,0.016700673229245174,-0.0016748544289638921,-0.014488711238559243,0.015823116104967564,0.013382112439447948,-0.00967301620769433,0.014872839968252958,0.0056564877349434195,-0.018408157532119013,0.011882343076158357,0.018689359769442,0.009735687484599645,0.015113697547468054,0.007978417756481136,-0.019199957049507645,0.0028449237990234404,0.016156230951965438,-0.021711523991630233,0.015546764632912685,-0.004356144537803594,-0.001478423821546262,0.016372383097974126,-0.0008335087219238908,0.0005826631118088836,-0.011595187631408595,-0.010658458737056186,0.0005727862679781664,-0.01438053670957747,-0.008430368878555193,-0.020018290179880747,0.005479944761282347,-0.0025422315058211973,-0.007467930903349107,-0.01873473584663966,0.009447836586598207,0.0014190395796007237,-0.012763925087490104,-0.014188952868698111,-0.0026070520158358347,0.009729811482941275,-0.022895902138059542,-0.02078734653090393,-0.0169518559589777,0.009955858616395436,0.005973197611015515,-0.007072755806520275,-0.009513479261543,0.023145641768322102,-0.012537825780598194,0.014882360961676815,0.0157944597688731,0.007864033685257637,True,None,3.292976,-18.12245,-7.775972,-5.50336534490382,True
pred_wing_044.stl,0.006990868835327609,0.009700838822578672,0.025136342397398245,-0.01588817244871817,0.01427043476922912,-0.0035235515805781604,0.00861396242821452,0.02680596985213704,-0.023058688215241596,0.022680463527841564,-0.018355120678364697,0.02181172868510908,-0.009315134407178542,0.005846286129986036,-0.02908166784284812,0.018371276444654153,0.025641693861863043,0.028914781306847662,-0.002334177443877663,0.01852832796985613,0.012481099037749677,-0.02783867325060996,-0.00260181731634484,-0.016126757786410005,0.02149538045200452,-0.012139219376508194,-0.0013062782219536702,0.014214534781796993,-0.010803861204455771,0.0018706851899729848,0.01589279438498619,-0.0009894599107390747,-0.014873212189435502,0.01470400691396981,0.013526327661776295,-0.010416363845024739,0.014878220472855674,0.005336369534853318,-0.01651016917809418,0.011532056699516992,0.019122382040937098,0.00849939284168945,0.015602880176465017,0.007037699304240588,-0.019177091440479486,0.003266305341993467,0.01651952840923946,-0.020654627306060273,0.015309104176759274,-0.005317509721965741,-0.001511152227772115,0.01726823594867314,-0.0008764872976342792,0.000711345166163439,-0.011082649656600975,-0.009976306288528048,0.00031178950675127753,-0.01511365455871268,-0.0085948426691133,-0.020074370340381828,0.005462309486267403,-0.0018470644801587485,-0.008662654469784918,-0.018261158479743037,0.009346416922119703,0.001379714928507705,-0.011849577164182445,-0.01487450372163133,-0.003172350882570083,0.010738796727474013,-0.02300067391199503,-0.02083006487723523,-0.01770267515418702,0.010606304384936035,0.004891487306971016,-0.007159841444862535,-0.01073747623980437,0.02323107002347226,-0.012136733701850663,0.015214791839280853,0.016749850432514698,0.0070641965804267865,True,None,3.262685,-17.96108,-7.723681,-5.504999716491172,True
pred_wing_045.stl,0.006553595317408213,0.009327571056615747,0.02581421602602745,-0.015146808591991356,0.013653888550690123,-0.0030484992245767657,0.00883089960776149,0.026959758838070398,-0.02255867459660982,0.02274302239862937,-0.01923000321721512,0.022697152831366408,-0.008706477653679013,0.006838762278041485,-0.029680338918272167,0.017991980359892242,0.024831807740883356,0.028715456572550327,-0.0027503649766669985,0.01935334515057483,0.013663849336705508,-0.027639244741320748,-0.002340507733157708,-0.01628837416594411,0.021771046364814847,-0.012467346312488017,-0.0016736724907671426,0.014179357474569715,-0.010589509719396267,0.002496804844272469,0.017315557362396646,-0.0006306476468013498,-0.014683470924128802,0.014314709430727308,0.013141625331551382,-0.01037178248761101,0.016004323178003606,0.005808580846680895,-0.017782260026546974,0.01187487736261009,0.018267568861866767,0.008953263089019257,0.016661765131068772,0.007908176822171575,-0.0193668692441483,0.0029821242941024118,0.016725584849754248,-0.02164676126051745,0.015079532883421386,-0.0052876481174428105,-0.0007333019571846527,0.017558921731468478,-0.0002225481898221409,0.00010398352110667899,-0.01147543018350889,-0.009986921558469765,0.0007608870882104995,-0.014078616484203372,-0.007812068466538379,-0.02015357252426908,0.005268598972330624,-0.0026809281711052506,-0.007706176488537999,-0.01881906558916942,0.009483237258481658,0.001059098719787946,-0.012541186005836905,-0.015513087889830246,-0.0025113099601581494,0.010951607583360855,-0.022887717235619786,-0.02060796585344701,-0.015522874995629767,0.01080035512734579,0.005285181377028594,-0.007903594473491002,-0.011306270799301289,0.023895342852158365,-0.012166126724296334,0.014095168007879706,0.016677894722395652,0.007812712014282571,True,None,3.261609,-17.74875,-7.658778,-5.44171603647157,True
pred_wing_046.stl,0.00658568586160831,0.009867615451856533,0.024252975590377653,-0.015098954327957126,0.013314667181855915,-0.0031248598078664393,0.009351861739647976,0.02626012895801934,-0.02207212779017023,0.021786362817018567,-0.018570730797955633,0.022839578374061233,-0.009480470707841887,0.0063826153822308905,-0.02802660173274497,0.018772408082565882,0.025401288171142355,0.02905988237104137,-0.0039460558467675905,0.018656782941162037,0.012289427728988634,-0.027780673843742793,-0.002984774556260997,-0.01641991737071807,0.020501155675326163,-0.012331800129960244,-0.0005478499532641563,0.013572831913486252,-0.010950374380680555,0.0015176934690586319,0.01659561036601669,-0.0005308702758477673,-0.015044763251525334,0.014165425201005286,0.013898839174289995,-0.009715990359547242,0.014166118190981673,0.006682305147302945,-0.017113487092348924,0.011070800106925797,0.01833264561378396,0.009204820248823312,0.016053285476021844,0.006383816931598405,-0.019309294860806108,0.002829475514735437,0.015685582298784174,-0.021266651199106836,0.015840712781313493,-0.004666391141698938,-0.0007411452538100533,0.017293115131423883,-0.00046342291247723576,0.0004749141784790449,-0.011122375948894566,-0.00931501324144302,0.0006253389678468824,-0.015756976921893477,-0.007996426013784337,-0.019922581139847066,0.005276434968219171,-0.0023215906357602727,-0.008603400935102373,-0.0190840612194153,0.009258554409207089,0.0018471393945599717,-0.01140896497635756,-0.014646735358996426,-0.0034587942858213556,0.010191350144504502,-0.022425369443130352,-0.021742255843044355,-0.016642645371587512,0.010901432630475445,0.005621646647339211,-0.007330704469006384,-0.009138484528468539,0.02378682563144852,-0.012940323696704755,0.013933310533399895,0.016126739856867058,0.008119201700729259,True,None,3.349284,-17.63005,-7.492365,-5.263826537253933,True
pred_wing_047.stl,0.008696020091424025,0.010191363951495511,0.021974171276923322,-0.015422926650674025,0.01309930126933511,0.002439612682435553,0.008793566853278367,0.028344009494553058,-0.02277250959012215,0.022971941448653773,-0.018972882321989435,0.020824544203632278,-0.006972421050204447,0.007525104675671158,-0.028242701071304117,0.014610740090871021,0.025073060350806878,0.02928823288579709,-0.003630584508806814,0.01658417992406327,0.012481476017291722,-0.029293264615612227,-0.0019059110212986388,-0.016360379302881308,0.021183560728103432,-0.010814076255121893,-0.0005861543303715597,0.015021498143783396,-0.012023048210752552,0.00512298180843082,0.016754372241334265,-0.0026271406211509493,-0.012799536137631866,0.013608104995686257,0.014189110795707104,-0.008345490205220893,0.015860940908172794,0.00543986977668612,-0.0180792456576039,0.012917344453658514,0.020658051452558755,0.010020902385463555,0.018723961564601235,0.009835495573855428,-0.01985445607629471,0.003193767120236131,0.012283551587677789,-0.02024875713560756,0.015150184617167857,-0.008671789432236824,-0.0008629031870924051,0.01805450173679911,-0.0011297884551690284,-0.0021930657489133694,-0.01066922483624766,-0.010766159919023717,-0.00015165830060452268,-0.01679538137309681,-0.008613536160453416,-0.018469553543208925,0.006741970432275763,-0.0016179168699819804,-0.006783809078652937,-0.020293263348672565,0.010667760953274773,-0.0010624198809637507,-0.010909121539029575,-0.01773769440720518,-0.003520466055428192,0.011973448223671298,-0.020824720488867465,-0.01868751103360753,-0.01613592524485503,0.010656920909754045,0.006761668451203215,-0.006379064062078182,-0.008650740993122958,0.025294336051637507,-0.013198511447787883,0.01454978755662161,0.017906669269645025,0.007752164616944671,True,None,-4.363836e+31,2.246105e+31,-2.769327e+31,-0.5147088479035417,False
pred_wing_048.stl,0.007909823546228687,0.011772757579445611,0.02100831802539902,-0.015498305973905837,0.01344654753102577,0.0005222343927635709,0.00870531487441418,0.028008384140808522,-0.022934974577045818,0.023333154208039213,-0.01793093516399189,0.02094190751634118,-0.0061355662596503276,0.006510177526960264,-0.02775135139177931,0.014608315200470835,0.024421979226680796,0.02945323628146734,-0.003176684382174154,0.017582143514478742,0.012659442319706631,-0.03009437649303647,-0.0007673627304043056,-0.015549514858067808,0.021148952627002993,-0.011091934269326593,-0.0007319255417288265,0.014871027579453185,-0.011820378522344866,0.00420759631754122,0.0170265983026924,-0.002904085348355436,-0.013762548107818077,0.01423019922091458,0.014112082627974542,-0.007833460492445512,0.015389102176352292,0.005324786379547844,-0.01807884658389165,0.013025831954065453,0.02027968991213639,0.009582946488336175,0.019862301053989406,0.00866472891983333,-0.020201934875210225,0.0029944322830426037,0.013567850637494926,-0.020275929514887846,0.014903670734710064,-0.007536642210021488,-0.0014112720809334538,0.01903708115639124,-0.00031434321394824526,-0.0016002321396524654,-0.010327507815985161,-0.010488296713120413,-0.0004946013351690427,-0.016956369761752858,-0.009987371559388449,-0.018252935029088806,0.00554904387759402,-0.0018602278551120462,-0.007448239758943548,-0.019040036366547296,0.01018397807378169,-0.0012393364209148628,-0.010944140395572661,-0.0179031217718054,-0.004485747349149571,0.011952236725624234,-0.020931930289572038,-0.02002530810209918,-0.015709206796905083,0.010411590755303143,0.00736381098962881,-0.007456777133347268,-0.00839200944085065,0.026163637983996835,-0.013149551424922173,0.01509670029925368,0.01872830308516933,0.006427504773948824,True,None,3.259183,-17.19183,-7.441684,-5.274889443151857,True
pred_wing_049.stl,0.007975474535206943,0.010266628441112112,0.021910375277319472,-0.015607987392044786,0.013988259424418434,0.0014651266431383852,0.0076920385250807705,0.028128588483647608,-0.022934325928611006,0.022985936971298384,-0.0203098654595112,0.020512690596589327,-0.007013028068265634,0.006947107859602217,-0.028237592151209946,0.01488417082238118,0.025728418335222165,0.029210808669451062,-0.0025260261604699913,0.017196024476161025,0.013592555356689656,-0.02983090370978009,-0.0011337578355260073,-0.016579008576668348,0.021507645369002595,-0.010436032673636065,-0.0006444638308649998,0.015230906686558684,-0.012014499308818958,0.00497304803147747,0.016758366248332282,-0.0037137121011175354,-0.013429629724171438,0.014714278384914268,0.014271654132196067,-0.007917576759750064,0.015051542951632664,0.005617326313105533,-0.017250751533896658,0.012892057646416101,0.02034842851427965,0.009493355200838967,0.018701572069297696,0.008713467007611086,-0.019905591382753402,0.0024548985075916493,0.014207837513358421,-0.019838650629993626,0.015561737393340016,-0.007309926331469216,-0.0008625198833131032,0.018845088095968254,-0.0005958262064168101,-0.0027922231997814847,-0.009115408597982587,-0.01005635973580782,0.0007044804541860772,-0.015868162025876032,-0.009469061988645017,-0.018243465347219105,0.006521422910023799,-0.0007672789401849873,-0.007118003756858917,-0.0194673061541733,0.01059897801499021,-0.001149738883876882,-0.009678954994350468,-0.017786293218416738,-0.003360131432450352,0.01211385465180119,-0.02069135257897627,-0.019552370400694283,-0.01698586641208177,0.010833491351971506,0.006735068009414437,-0.006616304829963923,-0.008435778204399775,0.025689644041796963,-0.013945566603693099,0.014466137709539282,0.019046626895931347,0.006614867605897941,True,None,3.263627,-17.51036,-7.552652,-5.3653067584010055,True
pred_wing_050.stl,0.007631511355131908,0.0098110872262426,0.022337834729575994,-0.015852299564265118,0.012879385486879044,0.0028933673251985027,0.008297016356336152,0.027932266715933362,-0.02306723925673535,0.02363764838722976,-0.0181381831816791,0.02108955933197769,-0.006691803028858133,0.009203759731783567,-0.02718412495296633,0.013886364342166151,0.02409683138252504,0.02935137488922314,-0.004018015629335129,0.017836676722894018,0.012090109895086453,-0.02997048261743168,-0.0024624083381889414,-0.01577894153129451,0.021023036485354918,-0.009976978270631877,-0.001138352664399983,0.014297439432639562,-0.01189977789606872,0.004468857435487321,0.01633176975297276,-0.002737362686506964,-0.014617992285310542,0.013242235630751954,0.013483527497427712,-0.008593042743517482,0.01598379818123685,0.004746301510099996,-0.017372130160910052,0.012438541006506975,0.021353062258074484,0.010073525153985359,0.01945753560244013,0.00881637547070969,-0.019492419957302227,0.002709968337898924,0.012884073406594353,-0.0191279339594486,0.014204628490844539,-0.00803397329369525,-0.001329349825779687,0.0186969815046517,8.520328435263069e-05,-0.0022824582345320294,-0.010024669777364124,-0.011173105150315032,0.00029437580293285094,-0.016408049610982495,-0.009005660024836973,-0.018269317954638334,0.006057317533311307,-0.0009164148124130734,-0.006796449822322401,-0.019949961603287016,0.009392395668449188,-0.0004713424135523011,-0.010734255679720597,-0.018525873384891124,-0.004177201184185374,0.01230254720241701,-0.021342341369472453,-0.020840939207513922,-0.016800291823926512,0.010834767084474287,0.007605844530101339,-0.006068927555177614,-0.007706375444514775,0.0249862274349086,-0.014133989230225227,0.015183823454092082,0.018010656722862523,0.006792366733568869,True,None,3.294781,-16.11721,-6.69452,-4.891739390265999,True
pred_wing_051.stl,0.007990694202662164,0.01097074565512549,0.020703794196354944,-0.014373382056901664,0.013409558056359513,0.002362929951063149,0.009748395618226992,0.027966131938880343,-0.021789108628016,0.02378544280943821,-0.01816461520424758,0.021291407584043104,-0.006906944469947995,0.008400764439944098,-0.027092842819791286,0.014324765497613292,0.025825695845444196,0.030194084123980988,-0.0033585143692771613,0.017034257220019267,0.012556365496392299,-0.029326319791431864,-0.0010917117907320835,-0.016333331235607252,0.0223102572826158,-0.010854973429148103,-0.001700794251777011,0.015160631004865702,-0.011827760126623423,0.004759200360839239,0.017036173086384686,-0.002818782897286664,-0.013975254676672162,0.014066023926294923,0.013554314709896183,-0.009096744004984829,0.014688241690633099,0.006182884836983302,-0.01773115898036937,0.01257975634838936,0.02012492449515355,0.009734130679522864,0.019492074306291945,0.008721841012081176,-0.020060340796683285,0.0030340236202981144,0.01315767076953689,-0.019976329330624883,0.014490099344320028,-0.00791055253465252,-0.0009646017355868684,0.017697583314010584,-0.00022774046496223065,-0.0007907229113262157,-0.010407379885069255,-0.009479507107938653,-0.0009312109940500206,-0.01722509111230214,-0.009154920870702047,-0.0181112543162718,0.006336105640305334,-0.0018143525997264308,-0.0067315404705434265,-0.02036345856106829,0.010843409013484835,-0.0002560963996947744,-0.011177853473197571,-0.01903412878920014,-0.004128624688101888,0.012329922392908345,-0.021313163838931445,-0.01975958794709014,-0.016241598401116712,0.00965405828876709,0.006877920440572974,-0.007179588504638477,-0.00897741699935405,0.025274466206502692,-0.013841005062488887,0.014865821847494708,0.018623309258054624,0.006795384427643281,True,None,3.288848,-17.84319,-7.571018,-5.4253617071996025,True
pred_wing_052.stl,0.008584428193142816,0.010307769560623691,0.02185052657499286,-0.015778650609501385,0.013350820693687494,0.0017357795205836003,0.008169761938955532,0.02810903740174793,-0.022788306490808256,0.022707790090854406,-0.018845623033862745,0.02057257219756109,-0.007733912660286498,0.00777764776331688,-0.027428153161019493,0.013788000608587684,0.025008524771267606,0.029650594420142156,-0.003584451775157406,0.017524479255193248,0.013422950175373554,-0.030023959168521522,-0.002664607962862565,-0.017049566376597075,0.021771596741279393,-0.011356662042190649,-0.0013819626162585729,0.0148364736850114,-0.0125851240978007,0.004631894962609152,0.01624438405443498,-0.002846840053914522,-0.0130287410431099,0.014252272476603106,0.013964157478985375,-0.008745430826134572,0.015091219999209829,0.005474834631203834,-0.017409749521702846,0.012744535533099588,0.020560319901008213,0.010124610108607776,0.018330552842163252,0.009405123532966776,-0.019719170068786096,0.0010255794858026245,0.013956614650599844,-0.019437481884545794,0.015021159588275244,-0.007675060174863706,-0.0010135453901835704,0.01893936462196617,-0.00011032432282870102,-0.0016611113611674912,-0.010591672288982728,-0.009725879991567087,-0.00026219104392397974,-0.017647313871019827,-0.008875116204484737,-0.017704755582413325,0.005604213591912065,-0.0015932514845368312,-0.007264341349227787,-0.019751091822339625,0.011086115449987,-0.0008538855826970414,-0.01075479043791074,-0.01846098231504421,-0.004050209958343284,0.013009044734521052,-0.021523664509561037,-0.01967734194812657,-0.01673138778349103,0.009769144512148916,0.0067454458740146585,-0.007511252287852712,-0.007048356897241395,0.024523129939021553,-0.014623362497613722,0.015265684776036993,0.019372262428453243,0.008068972216410342,True,None,3.283622,-15.98207,-6.626568,-4.867207614031091,True
pred_wing_053.stl,0.00842369710193759,0.010408173760778308,0.02151207655297999,-0.014282310316310191,0.012976704448312124,0.0017644968401940224,0.009023242402327748,0.027502338282733952,-0.02256657288529781,0.022930551410473347,-0.01886390621242964,0.020122097441420614,-0.006544227341367542,0.008052762418841447,-0.027574778577654814,0.013532230196180535,0.02461938561507191,0.029349023160898716,-0.002986780652081609,0.017973239091989696,0.012853024103194761,-0.02959366582063239,-0.0007375547033912798,-0.0158963018633738,0.02127831700293395,-0.010783046915604408,-0.000530203021133956,0.013992475584028989,-0.012359908559816273,0.004379742354109303,0.01746595476118103,-0.0034776063188106483,-0.013771463950811486,0.013457696706366762,0.014256859428975945,-0.007903580636017213,0.014867364060919618,0.0054533530332157255,-0.017711709194907152,0.013866800584957144,0.020141447685871505,0.00872106523329864,0.01881661852460783,0.009628964893691687,-0.020861745217270647,0.002568745032392838,0.014061897914148526,-0.01933896167415656,0.015345057824313611,-0.008492555530042556,-0.0009154604421765278,0.01756967282846949,-0.0011643123334229056,-0.0016087217920760985,-0.009641944381563452,-0.01032440609350934,-0.0002507377020485664,-0.016515897509060268,-0.008310553503642558,-0.01699982811767237,0.006624977341081413,-0.0015214161979374638,-0.007214238250512276,-0.019713375294833815,0.010264254825813399,-0.0009970009130438114,-0.010802591510704772,-0.018368684278967987,-0.00406767499820923,0.012347036214852286,-0.0208672556058687,-0.019511121612846984,-0.016209459770673666,0.010121296840690235,0.007018756355792463,-0.006544840475839591,-0.007848425624649649,0.026064069001461358,-0.01368302248473315,0.014718804896382021,0.017561422617804204,0.006987485153837532,True,None,3.267581,-16.27541,-6.780402,-4.980874230814783,True
