pt_body_nose_front_dx,pt_body_nose_front_dz,sym_body_front_wing_dx,sym_body_front_wing_dy,sym_body_front_wing_dz,sym_body_mid_wing_dx,sym_body_mid_wing_dy,sym_body_mid_wing_dz,sym_body_back_wing_dx,sym_body_back_wing_dy,sym_body_back_wing_dz,sym_body_mid_dx,sym_body_mid_dy,sym_body_mid_dz,sym_body_back_dx,sym_body_back_dy,sym_body_back_dz,pt_body_top_wing_dx,pt_body_top_wing_dz,pt_body_top_mid_dx,pt_body_top_mid_dz,pt_body_top_back_dx,pt_body_top_back_dz,pt_wing_point_dx,pt_wing_point_dz,sym_wing_l1_r1_dx,sym_wing_l1_r1_dy,sym_wing_l1_r1_dz,sym_wing_l1_r2_dx,sym_wing_l1_r2_dy,sym_wing_l1_r2_dz,sym_wing_l1_r3_dx,sym_wing_l1_r3_dy,sym_wing_l1_r3_dz,sym_wing_l2_r1_dx,sym_wing_l2_r1_dy,sym_wing_l2_r1_dz,sym_wing_l2_r2_dx,sym_wing_l2_r2_dy,sym_wing_l2_r2_dz,sym_wing_l2_r3_dx,sym_wing_l2_r3_dy,sym_wing_l2_r3_dz,sym_wing_l3_r1_dx,sym_wing_l3_r1_dy,sym_wing_l3_r1_dz,sym_wing_l3_r2_dx,sym_wing_l3_r2_dy,sym_wing_l3_r2_dz,sym_wing_l3_r3_dx,sym_wing_l3_r3_dy,sym_wing_l3_r3_dz,sym_wing_l4_r1_dx,sym_wing_l4_r1_dy,sym_wing_l4_r1_dz,sym_wing_l4_r2_dx,sym_wing_l4_r2_dy,sym_wing_l4_r2_dz,sym_wing_l4_r3_dx,sym_wing_l4_r3_dy,sym_wing_l4_r3_dz,sym_wing_l5_r1_dx,sym_wing_l5_r1_dy,sym_wing_l5_r1_dz,sym_wing_l5_r2_dx,sym_wing_l5_r2_dy,sym_wing_l5_r2_dz,sym_wing_l5_r3_dx,sym_wing_l5_r3_dy,sym_wing_l5_r3_dz,sym_end_down_front_dx,sym_end_down_front_dy,sym_end_down_front_dz,sym_end_down_back_dx,sym_end_down_back_dy,sym_end_down_back_dz,sym_end_up_front_dx,sym_end_up_front_dy,sym_end_up_front_dz,sym_end_up_back_dx,sym_end_up_back_dy,sym_end_up_back_dz
0.0063957526364213264,0.01100313488277964,0.022599915051827835,-0.015222920587216483,0.014500827807934956,0.00045971507561898793,0.009634346667718223,0.029095488753464537,-0.021575140388112285,0.020586235476327288,-0.01699110067865048,0.019896386477752485,-0.01049882948327232,0.005224219325960016,-0.026452506504548803,0.017589014092856493,0.024836793200220433,0.03206991663308058,-0.002716190971480173,0.01863353190629616,0.01425536289029835,-0.02819432423205169,-0.0037337136255749673,-0.014971500048199318,0.023186534121553214,-0.0121697397446388,-0.0024492562159453995,0.015509010873562991,-0.00939515726315882,0.002875768022636898,0.01789348713286527,-0.0009958436494183344,-0.015891407968279984,0.01598331795934827,0.01212148649913564,-0.007513123057145799,0.017306336683945087,0.0052248383465033936,-0.01698768821638275,0.01161492955649519,0.01866421458924718,0.009517807749717597,0.019023561379337518,0.008664376929072466,-0.02077000523929259,0.0004196239882507274,0.013977873603505199,-0.01902396310777004,0.013604099061852814,-0.007952013758522546,-0.0011359639449634844,0.0197287079904413,-0.0016805802761934966,-0.00020035671705685796,-0.010985160980011517,-0.012745284834542289,-0.0001458675093649977,-0.01712996013924595,-0.00848359271600671,-0.01886635560846199,0.004998461269066565,-0.001980946868591145,-0.007396611897558155,-0.019293665003235157,0.00937401668496949,-0.0028135145342415182,-0.010662644794687341,-0.016374174510309116,-0.001736937320727078,0.012144162662018725,-0.02271064068776771,-0.022508260159360576,-0.01576191277517387,0.009212631145538084,0.004338327394795647,-0.007868663159078842,-0.008911320741092705,0.024006155821521276,-0.012682196361529343,0.015714254763400916,0.016792636481058124,0.006872920755412877
0.0055974415636847056,0.009225106295471495,0.023910218885628,-0.01568977718877638,0.013426968904296161,0.0006682054569747914,0.011675980298438565,0.029859010648486554,-0.02298567594851712,0.022172808241061468,-0.017964422442593827,0.022502400796763657,-0.008767194802511206,0.007051031202526758,-0.028736257195820878,0.01578608498448425,0.026428874784883667,0.03128361373131009,-0.003082776275406611,0.0165008193588547,0.013204862968537264,-0.029035228654452957,-0.0020652139573579713,-0.015424601340942598,0.020417414190702567,-0.009947436711210473,-0.0013082297836731077,0.01712162417150513,-0.010654783190749122,0.002308245492609471,0.015436704254673325,-0.00021200908500412612,-0.01600939987834542,0.014747326412144084,0.013753924759004362,-0.007906548233833095,0.014482111873342383,0.006259048719776317,-0.018071110789683792,0.01175234320156614,0.01897672398417756,0.007167660551534583,0.017473368994993313,0.006887510584488767,-0.019756341535468912,0.0016173071169480618,0.01582391509423384,-0.02102859467644108,0.015116686419626806,-0.007506395534497206,-0.0019953126909207823,0.016832229491859103,0.0009270326439911743,-0.0010529633974568774,-0.008429836920535016,-0.008786036590902907,-0.0014497712662075812,-0.01779649744233919,-0.009119728862260947,-0.019672946801032775,0.005711124685357092,-0.0010186366423365046,-0.009069465556094487,-0.01846640906426949,0.010306386754162237,-0.0008113942707426409,-0.011829608176275217,-0.01734137086450364,-0.0030113535506031217,0.01167447889410738,-0.022423068034282283,-0.018948974749103356,-0.014104714381515766,0.010112471545403819,0.005641914902408446,-0.0071582364404272954,-0.008407605816791798,0.02360531846841835,-0.014239964693502555,0.015218776607372921,0.016170517107388156,0.0073857272314417945
0.00866537803482172,0.009313480493805405,0.022622014572370005,-0.0147113900861747,0.014806019334616723,0.0006151939159162297,0.01240647249286384,0.0283019163685572,-0.022891002410532615,0.022258432044073653,-0.01890796728214889,0.020222508190450596,-0.006934324012282821,0.008140048253586283,-0.02654515694229172,0.017287978207667004,0.0245439062540299,0.030197952769756623,-0.0026060060258686433,0.016951202645354796,0.013838943193917666,-0.028600169957596976,-0.0024142603078261228,-0.016979348415689523,0.018343300061102887,-0.012249395392614737,-0.0013687532579734194,0.015032877360089696,-0.01107614286460936,0.0020640884532710825,0.016927688430891527,-6.699886683083234e-05,-0.014170871257969331,0.015058770641952431,0.012615520372464883,-0.007671429278934621,0.01390973142166888,0.005434219851956712,-0.017475674876590835,0.013177821080843222,0.017764059492557376,0.008752852897769895,0.015857337561156728,0.007278497408572245,-0.021041008808143517,0.0019141053270998105,0.01480502695064942,-0.017643312025627203,0.015665523091488293,-0.00791768042861725,0.0002693075954375043,0.019200366687705434,0.0005538683407477747,0.0005422783952734854,-0.012389704432376667,-0.009661157853643406,-0.0008628858560052201,-0.015519906151626918,-0.011693214314560631,-0.018046358174278535,0.006190350403309435,-0.0025551464383167383,-0.00960925123734669,-0.01843580696137791,0.010532439305284086,-0.00023287249010621198,-0.011071677084776776,-0.019286291187906614,-0.0033343470026986786,0.010677754756647239,-0.02342533407840305,-0.020959507765080244,-0.015400299751682875,0.011139871150255064,0.006641382186534511,-0.007289270946096393,-0.005297403676181543,0.023897593362111648,-0.013688845011945994,0.014502026950733955,0.017235421687267376,0.00911954774435992
0.008271808515383408,0.009775032484713562,0.023135619942321686,-0.015620791384162802,0.011233548604455586,0.001357492076203865,0.011019226505197424,0.02955921115304737,-0.022625435189713605,0.021969197972601252,-0.018721893244067436,0.02241414410205016,-0.010010921555853942,0.0072501340764051314,-0.0269779132687572,0.0155031994571257,0.02440201100924614,0.030883801282201386,-0.004462202329196412,0.017944451292239698,0.01330748746462892,-0.028514521757882348,-1.1148600308780437e-05,-0.017793839621821968,0.02148025990196798,-0.011479157496107699,-0.0017832841533780412,0.014160228544552258,-0.011250346342815761,0.0034966789376809646,0.01814889655646264,0.00011782806950967552,-0.016150818924700057,0.015743443177421414,0.010893909912460448,-0.010376748188167792,0.017317679295119095,0.00435090358981738,-0.018150995912908828,0.012063196266325675,0.01996016285960963,0.009496708681105791,0.01714591945614157,0.007845399391266439,-0.02026147049201855,0.0023808751187710743,0.014930833395472638,-0.018332259710634805,0.014736534338370728,-0.0062287387658304105,-0.0010198450310161117,0.01777408186215254,0.00010649847723870798,-0.0010949707604297298,-0.011322335361994057,-0.008877749699374165,-0.0008722233072855747,-0.016967646296162257,-0.009502350192892842,-0.018119848625259026,0.005676023085226492,-0.0016253196369492842,-0.007828505272164329,-0.020484637494461347,0.010563563909913448,-5.431735377358694e-05,-0.011008341166407266,-0.01701515585312978,-0.003078958239039702,0.01173551983346299,-0.020927872889258042,-0.021777584027565418,-0.015679770261776187,0.011068890333400094,0.004986501574986213,-0.008167730830685574,-0.008951721360553474,0.02301150846820962,-0.013978635271662434,0.01401221375737882,0.016913816059749353,0.007907374648538681
0.0078072830006443335,0.007731253467467225,0.022919173343850047,-0.015816565182511937,0.014861656812194333,0.0012131806152093152,0.01086133754567319,0.029071364606556845,-0.023240610747755717,0.021469228612086347,-0.01915109360712122,0.020508130622423196,-0.010534828688046657,0.007484028817825063,-0.026336476233420066,0.016027248499576933,0.023896153689395384,0.030941268964372232,-0.0035759396198627993,0.0178524212751843,0.013266771257504303,-0.02955759141915562,-4.079375849116995e-05,-0.016940819898365704,0.021358023036612227,-0.012777147057319154,-0.000317487161886763,0.01405302420607894,-0.009987509578618759,0.004743962495865473,0.01791746663222054,-0.0008867728801592823,-0.01781624168177328,0.012593699606928558,0.013316633596123537,-0.009366402193684535,0.01629890334147577,0.007216510435788739,-0.017443562782486023,0.011302316392172308,0.019777386479596648,0.007061526701673628,0.018941041770731297,0.0062527890052518345,-0.019869482219461394,0.0024183007522281218,0.015423365365640911,-0.01879470247898315,0.013218666623564381,-0.009847442058798393,-0.001913992796107862,0.017429855126035232,-0.00017732460360459727,-0.0019182727593077425,-0.01099024211571898,-0.010905196477907,-0.0005195461207138537,-0.017611528360336942,-0.009397489578774225,-0.018570663113710494,0.005506487980074541,-0.002679418294322838,-0.009461828616214741,-0.01905174048168269,0.011446465320496011,-0.0019463278457404753,-0.011309480805718376,-0.017199362270283486,-0.004082203075624735,0.013068054841166032,-0.02324146881866887,-0.022344241792789928,-0.01597872568008218,0.010727515920646016,0.00677896047776312,-0.0080024530931274,-0.007608342564365959,0.0224615778656557,-0.015642487733389002,0.015422861967442247,0.01725450481660504,0.009633370860736712
0.006317056395222634,0.010506120635417717,0.02396225663751639,-0.016528500612901502,0.012213019012038695,0.000783166649934972,0.009627613350700205,0.029730009491119102,-0.02258828977423195,0.022171487794296,-0.018314056438097866,0.020328759121102775,-0.007722576603845803,0.007174781241265761,-0.02664925931515403,0.01666594377221037,0.024946695933956445,0.03014844077564169,-0.0028407781005521894,0.01675765957651673,0.012504371748492112,-0.027091720598384127,-0.002627136108780927,-0.01512796641613981,0.02230649708842814,-0.010763425696292484,-0.0014152737620587795,0.014670175238420527,-0.010898743136113801,0.0028008548495153007,0.017118263123876386,-0.0022293877515573482,-0.016303496748371674,0.014404933094247955,0.01173407280907493,-0.008004899622794591,0.015281515134827226,0.006891186163542895,-0.019272874038147682,0.012373862130233976,0.018569608266008474,0.008327825735169107,0.017689656793161264,0.00739233448124553,-0.020889008253695298,0.0032764071889389013,0.014550352824850833,-0.021217356028880106,0.01520709189656237,-0.006433597319379378,-0.0011168447650296896,0.01655239178064803,-0.0007018611322093654,-0.00053399821689599,-0.011485507222967832,-0.01034214258756809,-0.0011106014748720951,-0.016771068564065766,-0.010106082567043487,-0.018178281892689583,0.005319323357190324,-0.00170329266327957,-0.008502605194893244,-0.01920562544973772,0.011762378844893177,-0.0011561339081685854,-0.011210749173643723,-0.018330360393642373,-0.003513672579226025,0.01291824507599017,-0.02042376607458661,-0.019462282978040566,-0.01723326838968731,0.010005991926686332,0.006474366480862363,-0.005601847379425736,-0.008029794891446866,0.022943426714378386,-0.014318260891879557,0.013889924768922018,0.01799068839932462,0.006759109290305208
0.005867997342727376,0.0074189748185962846,0.02338644891985837,-0.014901984717941118,0.012947805491208973,0.000288404497317022,0.009923038458848265,0.027688676343071022,-0.023185621031709448,0.019817223536683963,-0.015716711178928137,0.021372535998706744,-0.008853726891439906,0.007892807097359176,-0.027712599546076563,0.016287376429683375,0.02407875989523379,0.02865002829383122,-0.005947664748693016,0.01867715343266352,0.012780594384963661,-0.029171584402062575,-0.0010506891565321063,-0.015585599429537435,0.01985176691632219,-0.011953685766540104,0.0019773709137816476,0.01500471565115478,-0.010935850972875989,0.003220818505134335,0.018711187920316275,-0.0019456374416386606,-0.01565278697193767,0.015579018156004966,0.014200241018297532,-0.007741212309346877,0.015938028912744547,0.004465553378308722,-0.018906259230841136,0.013824729377876533,0.01779379603664139,0.007748840338611017,0.018938542403184877,0.007231482891390435,-0.021349517737418056,-0.000125051245072526,0.014833079946235955,-0.020129833493708126,0.014610962399370878,-0.008368579608105754,-0.0008610316187237884,0.018578738996303877,-0.0004279144289050038,-0.0019772215950467987,-0.012466212250337502,-0.010120436607552599,-0.0021226595796905237,-0.018220230267348373,-0.009750820024889537,-0.017112366801170127,0.00575104468088501,-0.002176212669537744,-0.008184050297430502,-0.020826541067083183,0.010165992471516751,-0.0009111518005081597,-0.011975819451517851,-0.01783313783702574,-0.002160146619634434,0.013333574916911214,-0.02231474442976081,-0.019894176024380424,-0.01609344668699818,0.00984775660441864,0.007576205202279726,-0.0071741070877416775,-0.007579061662716886,0.024035717010205782,-0.014356683556033485,0.015970137702193965,0.01715566135277715,0.007903159855645598
0.00614978602585999,0.009404066939915629,0.021834946604473264,-0.015247573998852664,0.014537995887358907,0.0018007846512142162,0.011577339691871975,0.029407103374256137,-0.023436091234213436,0.021766376374437922,-0.018215253711744456,0.020729264698910257,-0.009973779407833849,0.007878126711033388,-0.02779760877004207,0.017096134148952873,0.02675943936399069,0.030650688265053082,-0.004283065735436619,0.018207748051870042,0.012846312927595529,-0.030998742108037203,0.001001767525092716,-0.0159672672532799,0.019840184076625925,-0.011630355593548117,-0.0006733891994212726,0.015548540407934935,-0.009524837502385551,0.0028565936808948996,0.017393922687234276,-0.000989216573861391,-0.014938490408328836,0.01649392968105405,0.013384349795969377,-0.009614182496705405,0.016637783029812832,0.007591355424162324,-0.018013445540536382,0.012653597791244725,0.02011212970118271,0.009501769592764815,0.01775977422614487,0.006672611263182344,-0.020435874584885168,0.002255960743073628,0.013419040019455234,-0.017029042415637224,0.015117883804015256,-0.005836053023590221,-0.0019048383981020755,0.019536263391218698,-0.0005198464092068289,-0.0009208511103130062,-0.010305672918741255,-0.009458433589112731,0.0007142272631473433,-0.015943503063376545,-0.009878882433134197,-0.01930811518416026,0.00446911589394579,-0.001142135806906849,-0.0080981683286128,-0.018815148691649432,0.010295576551879213,0.00078402580825651,-0.012256532350395031,-0.017357658560165228,-0.0032795804123140707,0.01194132867853724,-0.022895069723717472,-0.020874385821836802,-0.015688214149769744,0.009091337252723888,0.006458286628151443,-0.007704168565862223,-0.009564648668313799,0.02433208146972263,-0.013816592242776886,0.015182005204581132,0.014928240171147068,0.0072424053091961205
0.006108948188175458,0.011525727196548749,0.023987214612265845,-0.014077521890900039,0.01435198173956022,-0.00019670720228163804,0.009597698631213392,0.03019975535582675,-0.023650076530629654,0.02154549247215097,-0.01845083953195005,0.021121524506054607,-0.008255776295373598,0.005316877999766252,-0.02711605175643715,0.01709011982306432,0.025260891522857293,0.02939159440772101,-0.0010986314425927087,0.016795097189240504,0.01526553853646647,-0.028158267356606377,-0.0011836795510848526,-0.015495150780983086,0.020289625632822092,-0.012046683449786523,0.0005824037362775255,0.014746742439105788,-0.010613599492486931,0.0028704730080057975,0.018050995365170977,-0.002575894732402889,-0.014139803303534407,0.015154063228748535,0.014034143667861687,-0.007845889948860976,0.015165529908323388,0.00509720205322775,-0.02006619596720565,0.012571798862542434,0.0184600874720965,0.010070665326180464,0.018995525892426365,0.008194669454231793,-0.019322777528975363,0.0016647395549945958,0.014684284900401644,-0.0176391857265473,0.01617591744305587,-0.007082701137765293,-0.001414276215489398,0.01875135019246311,-0.0005718875630607833,-5.087287488479567e-05,-0.00986327788206438,-0.011309012789221806,-0.0012391160202626056,-0.0176958597189581,-0.0108333086804418,-0.019868197645849534,0.005067156595595051,-0.0015019828736068247,-0.008756916374982571,-0.020659566378040548,0.009176945748922822,-0.0004773951064706853,-0.012725553344714959,-0.017332172279552506,-0.003384478648576753,0.009982042043100353,-0.020973400725466516,-0.021268184999451455,-0.015260311306367874,0.011164812504571462,0.007127162790469203,-0.008291254094912378,-0.00904549758018269,0.023348285406690875,-0.012931601179395534,0.014056983162565283,0.017534194745357064,0.007647335587390951
0.005432184838688013,0.008673262764055743,0.022313776050347206,-0.015996029850094545,0.014745273757936224,0.00034678391338650904,0.011456012460673763,0.028982545245923707,-0.022225984525422248,0.021430653872560747,-0.016927081333805244,0.020699224673322643,-0.008293921024064215,0.007441130665123915,-0.02646748984384353,0.015355919200031088,0.025367217919881342,0.030285458350258258,-0.0039493161571105715,0.0180979382990051,0.011986960961010078,-0.029124157750989817,0.0010843587323526049,-0.015728451118326787,0.02091202619236189,-0.011542216632211253,-0.002965996361697372,0.015462132478802848,-0.010989715697664014,0.0028857904015873116,0.01648629152774488,-0.0023082883059636038,-0.01601710845423455,0.013869771468451668,0.014434884624837822,-0.009103420722758167,0.014289431233850883,0.007238657897501036,-0.01972304348988791,0.012247531798851694,0.018526374145899308,0.008165986757736375,0.01793212233215648,0.007662598345312804,-0.021158913299494566,0.002859246909957376,0.015200920053449436,-0.01951160766631098,0.015947860981746262,-0.007169996747422408,-0.0017375384160913461,0.019175116268873346,-0.0014330755377278696,-0.0014962448794065765,-0.010974629575170381,-0.009668877083581804,-0.0011362415027011618,-0.0174825404940939,-0.009559890754734325,-0.01792971009397383,0.007595603192366039,-0.0011300628528434905,-0.008351370427264696,-0.018644509788372645,0.009873805860242257,-0.00011416008633002947,-0.012680493780479933,-0.01633942997584029,-0.002290020446426025,0.010296755134507011,-0.024055986081885958,-0.021128577859406875,-0.015933040917552314,0.00932321355080945,0.007725704638617801,-0.006180842110099064,-0.007898880535084843,0.02345256155967025,-0.013159107059982616,0.012425651480978005,0.015731830761761267,0.007277558987634719
0.005949036724018036,0.010039618295033794,0.02081602837832112,-0.01365268956601458,0.01573283423156238,0.001399594066827298,0.010087629963429866,0.03130909047846374,-0.022217390585429257,0.020387232261975568,-0.018520873097652067,0.019006666869000495,-0.007835138343622981,0.007850417010730283,-0.025982140821924193,0.01569679221786411,0.024984057562744875,0.029802131285759623,-0.005399874241621153,0.017748591286869262,0.013588423939124315,-0.02897596961005174,-0.0009275631602006025,-0.016115896517262276,0.020136366082786905,-0.012564214423798249,-0.0014252192851175473,0.014955597203735559,-0.011056271489193213,0.003788166835448034,0.016935606019895726,0.0005818356239273197,-0.01556166550383915,0.015424721001179248,0.013408980532938652,-0.010313901621903283,0.015326529243787702,0.004888667490828599,-0.0176253884975619,0.010728129784473439,0.019885978539799905,0.00936292426148454,0.018963894106030447,0.006621789036300751,-0.021167424609867373,0.003177399843728569,0.01396857410260471,-0.018128229660377877,0.014639961864061503,-0.008573343063640366,-0.0024645809776718815,0.019042520992034233,-0.0006056907928678499,-0.000823515605546952,-0.012748926725749185,-0.009606805119071613,2.6794533234572072e-05,-0.017960308454126384,-0.009564898175370557,-0.017877282292110715,0.006170956949391367,0.0002168728271987109,-0.009200456387889477,-0.020694567764877166,0.01168401223024614,-0.0013563890262492282,-0.011702870526084569,-0.015415639710958561,-0.0046783003605788635,0.011859887123781356,-0.022229802524677007,-0.020365606183897548,-0.016488025031652566,0.010526572227666944,0.005146219987497196,-0.00796442951517936,-0.008571584371462427,0.02327506611594011,-0.012385907789511697,0.015329353062014953,0.0160402126302967,0.006091531909694377
0.00752659220158514,0.009326180439299472,0.02295072397277433,-0.013905402284120882,0.013784832312637118,0.0016371040958682778,0.01008142009813416,0.0303356598419035,-0.02234040834957613,0.021852353424753796,-0.01761515105837602,0.022396030598152903,-0.009074175667350307,0.007275402299471946,-0.02714190911344625,0.01824999427662844,0.024638858741404254,0.031915212138617165,-0.0014433399571911372,0.017928420639399367,0.012440689734976248,-0.027451426066467013,-0.0026818461950961657,-0.017643709667938896,0.0209437804753049,-0.011672897961142605,-0.0010387300963523279,0.014025871016685888,-0.011365712073191734,0.0039004557615606936,0.016772962533198155,-0.0015543012872420291,-0.01446032607277403,0.013389479522675909,0.013498434476772065,-0.00877207938432351,0.013829105635562102,0.00618300155835727,-0.01905664647053691,0.013040114965882836,0.018430027327845964,0.00887903699310098,0.01724961656307408,0.00827683161288055,-0.01978842081985246,0.002946390602927602,0.013536205991302805,-0.01936275491754869,0.01642935794605967,-0.006673929970589337,-0.0007078925927272055,0.01989504188175829,-0.000884059712651234,0.0009786421584945901,-0.011252641652456536,-0.009903504529471398,2.379362797335781e-05,-0.016833085739223975,-0.009543347452382176,-0.017530885151360996,0.007750774205676821,-0.0019299192516100871,-0.008862192929349389,-0.017405874448815903,0.008715990118433313,-0.0006479791500270094,-0.009382478726832502,-0.017404679218206296,-0.002290454289081279,0.01302244869250282,-0.022721324636888557,-0.021433667598872008,-0.015468924732649526,0.011721656911616961,0.005897545794226277,-0.007904561919311152,-0.00822212739683992,0.02413462304134534,-0.013784322516766543,0.013935246700234254,0.015279113205238093,0.008601787754594852
0.006416726157450839,0.010189918697619395,0.02321325020042521,-0.01616788286265657,0.013868909771815156,0.001144824501271535,0.010201177911399276,0.031254106347368964,-0.022347955213003153,0.021336072621580566,-0.01827316193445449,0.019420033241833154,-0.007154152134379321,0.006421937958398691,-0.02870717171027757,0.01506313719825169,0.025106389621111818,0.030202613034668088,-0.002938257872996328,0.01753462116723136,0.012957176526984615,-0.02695387897392248,-0.002724735641928641,-0.014782781583414452,0.02112337972272893,-0.013314766968486868,-0.002022572590763245,0.015829892171380353,-0.01145486997824933,0.0035802816608502515,0.01743202823685707,-0.003751956278159219,-0.015180344364207374,0.015289118085553671,0.013966691716108781,-0.007279232469281371,0.014735790303882905,0.004564086326918711,-0.017946979130714476,0.01287388730089951,0.019951014955592317,0.00858790090961738,0.01833820909966192,0.006596756488984593,-0.019951408834783434,0.00015090918898968508,0.01278228482636485,-0.018771895735471972,0.01580937563885298,-0.007162805601069558,-0.0022137267225544816,0.017776380349820636,-0.00046747397559103703,-0.00029221086447487384,-0.010994680215607091,-0.01038605238374469,-0.00225630676519915,-0.018491475725347345,-0.011019949287712823,-0.01650413383634042,0.0066457619875132665,-0.0010639742702095206,-0.008809690626488379,-0.019391332452984064,0.014309199417471215,-0.0003363436721748457,-0.011469477825688225,-0.016753496186528646,-0.002639976177715503,0.01132836622070217,-0.02196450079243158,-0.018235294179827586,-0.01794811060250199,0.011298294735943643,0.005147498663865148,-0.008679933212948333,-0.009888753049189533,0.024237828164153218,-0.013588094692349421,0.013996835094887023,0.01598874652625915,0.007498339439386949
0.007247504740001911,0.00897375704215839,0.02218290556491899,-0.014462777492983109,0.014364715934691736,0.0011108200170849992,0.009351144071645558,0.029913482865573424,-0.02301707146709204,0.021655686077419023,-0.018003235288251446,0.01968960909254933,-0.009222781872975155,0.006213439987055982,-0.02632405831416385,0.017207400132603936,0.025935884998733044,0.028101385803499995,-0.0025712946714216284,0.01847339366761897,0.014026084285323898,-0.02823732286733241,-0.0021652022448548306,-0.017759620778375777,0.021414869135476314,-0.011244714168177112,-0.00069352571731616,0.01374382877522229,-0.01115190731303542,0.0029234050214762873,0.01704553532717587,-0.0013533176348723534,-0.01394110283185749,0.014437465584414836,0.013400467640042919,-0.00816494107463867,0.014851675512369112,0.0065888986291869085,-0.018167061759088856,0.013171371755221694,0.01740530021456702,0.008637411234289176,0.017510693347534297,0.007115524824714819,-0.021061112996828054,0.00161497693957426,0.01411929775012996,-0.017054309245358074,0.015166841542640351,-0.00850970833085735,-0.0014355658737449802,0.017856632020455714,-0.0006032231514149065,-0.0019985079796962305,-0.01082415603406383,-0.010808990005598365,-0.0015942716092655063,-0.017876599754467266,-0.010903331508922044,-0.0176205158204229,0.006109756982916683,-0.002023621018529941,-0.008874691305082935,-0.01803772412096373,0.009982709959546584,-0.00024100541846640354,-0.013711478310973442,-0.015797091679256126,-0.00203901798703246,0.009855624207327135,-0.022412325035905196,-0.02029517100774023,-0.01623860946709802,0.011684849311788875,0.007575335360916444,-0.0067460109218653655,-0.007946728515375881,0.02369884856135548,-0.012769966225215076,0.013717131029427208,0.01643571722864095,0.008230562367680905
0.00678311412693613,0.01102246402260408,0.023290997960587416,-0.014334514699472913,0.013280049279469842,-0.00017036759943677958,0.009225044920082973,0.028280188827764424,-0.02257912935128758,0.02037695265016209,-0.017669107957886603,0.02173826555059599,-0.007736036091771662,0.00826007377530546,-0.026073318454183085,0.016024122210511894,0.02642759991766901,0.030333542275793723,-0.004616340499496338,0.0177687402506765,0.013983641687777198,-0.029893458434686635,-0.0001194545154930165,-0.016542399432334567,0.02046176637349204,-0.011659131634835144,0.0006914861007593157,0.0144130717805584,-0.011687090518381973,0.0047157441452083185,0.01890038114206254,-0.002301963272576981,-0.01516000425993782,0.013261207720053389,0.014732290115867719,-0.008240494902462606,0.014066272094498055,0.0046555607137370595,-0.019269653232921034,0.012850704555524334,0.01796483065281009,0.007810645502577232,0.01751746100654333,0.006770827981374416,-0.02068532265767391,0.0009268416355575189,0.01516803212490839,-0.01731341769359762,0.016492518520984472,-0.007925503898484735,-0.002697989670825171,0.017113238010930287,-0.001742053135072741,-0.0001053627546150997,-0.011536808185786257,-0.007858171098823462,-2.3166968786117762e-05,-0.01904911026060561,-0.010198586788644352,-0.0171470185702318,0.005148521325422602,-0.00021621612634131976,-0.010519681391179422,-0.02041792413762749,0.011372661454639058,-0.0009563313053594062,-0.011296068925753496,-0.014600212451022861,-0.0036817459719942535,0.010943461516864605,-0.023692725812969873,-0.01963466860617976,-0.015422529912621705,0.013826182156338785,0.004121802954241763,-0.007066363374222499,-0.010914317401055869,0.024834022455462016,-0.013354478769918875,0.015518171730749805,0.015330225227202147,0.008555606293398986
0.006975838715378141,0.009992338694066119,0.0222561030473178,-0.015645099524153973,0.01445501899654361,0.0014022142815418026,0.01099268690665322,0.030111629387622744,-0.02273663274442647,0.020663028170320844,-0.017002734417669127,0.019481968487581845,-0.00966537769825907,0.0071291465427426315,-0.02926937512422208,0.015357483529961703,0.025072433068439152,0.030304089467468598,-0.0051260139858958715,0.01746762686705888,0.012279160062286538,-0.02899973137416494,-0.0021508262881217307,-0.01753646824030055,0.019594495956750075,-0.011671971053128798,-0.0028515177398581604,0.016575195441877588,-0.00985696969616225,0.0031845527526327623,0.01970575735363069,-0.001454335928519343,-0.013220762059304982,0.014262641806108605,0.013360430703664324,-0.007760128076822715,0.014477620482664015,0.00401435715264588,-0.019483423471764696,0.013747378197702526,0.019389364992515312,0.008380421574775854,0.017220936275106628,0.007307298470714024,-0.01931913697259122,0.001713068079093632,0.01589099094384074,-0.019491396850567992,0.015057760046515574,-0.008109076710468375,0.0004588135161570199,0.019535999858193757,-0.0007012285021672648,-0.0011661270890211649,-0.011713039896544639,-0.010417910917823773,-0.00010530562143912573,-0.016421953693331423,-0.00952743802450254,-0.01734310857927578,0.007014379348747854,-0.0022303276867506262,-0.009540135629677983,-0.019965298736118967,0.010481830118438543,-0.0019874331481823304,-0.01048927574641989,-0.014199577265240387,-0.0035971778583941284,0.01107129243819715,-0.021302456585791225,-0.02118461289524152,-0.015913412660896485,0.011433318575177988,0.006099752570366428,-0.007411508646034054,-0.008615255569472808,0.02262426891015136,-0.012519719936290186,0.014791194185217658,0.017786329543566817,0.00805104185052544
0.008062225644406685,0.007957120569527597,0.02344819897661303,-0.014040202752257636,0.013705799148806961,-0.0006135476185891202,0.010894975139665093,0.029276586077664254,-0.02446823438261485,0.019784779262301263,-0.017630542290227594,0.024022542798064886,-0.00841565216028846,0.007055258225893583,-0.02751518038364332,0.016120895630624365,0.02549438634196394,0.0316617498523287,-0.0035471222376222554,0.01618060958328203,0.013038719988449332,-0.030255879539210655,-0.0019400982041052233,-0.017224013915849285,0.02130047808708183,-0.01176820261589737,-1.394186343806655e-05,0.01398154673805081,-0.010304085440106307,0.002091962623524889,0.01854183487965021,-0.0008439187311835925,-0.014076519587288509,0.013750269845708402,0.012687729930456495,-0.008202359254054995,0.016970915727641984,0.006046102216969018,-0.018984700791765292,0.011005289304064952,0.020009055946204758,0.006546429639017479,0.019015556461721116,0.008277384463817306,-0.020003336411075497,0.00048656115230187764,0.015699002607723455,-0.018686816035553486,0.015380674351588592,-0.007041325473878625,-0.0011759484689521445,0.01825350621394485,0.0011187636047845031,-0.001267643856004465,-0.012678155032151736,-0.010775680695547808,-0.0004262930316579551,-0.016328367117828466,-0.010179842049090953,-0.018728538198996128,0.006649797826183328,-0.0014366582698400756,-0.008473432482561301,-0.01877359330077197,0.011748847172305486,-0.001285689210209692,-0.012513058648762558,-0.017522626091188792,-0.0019016527599112058,0.010141425794563202,-0.0207398755385486,-0.021522826650236443,-0.016877903455598135,0.011550767791325162,0.006442610718698904,-0.0069538797957771,-0.009066427498946303,0.024516074436562334,-0.01387953339828928,0.014423763175263978,0.015017617025983483,0.01009906828218972
0.0068319005594783995,0.011259712091438206,0.023009931166587283,-0.015299518567057755,0.013567628203351194,0.002482522632086205,0.0103116223586004,0.028322290492644918,-0.021986265552047066,0.022383104393795338,-0.017898685340148806,0.02224905940498916,-0.007821901657878803,0.00712898463144662,-0.027343679322105168,0.015494672995566753,0.025848880170352764,0.02831899385451765,-0.0034711807179559104,0.015438614335945096,0.014711630129447947,-0.028940647881940788,-0.0011163922135729717,-0.015646179849806006,0.020567886991270542,-0.010331066401442636,-0.00144281615384409,0.014218034779856907,-0.01154401539872192,0.00420391013543053,0.018204235175786263,-0.0013464539031775614,-0.014244904179749277,0.015568429754184966,0.01422418696624985,-0.00833159463199419,0.01515529032007361,0.004506233701521085,-0.018901180090674555,0.012657082681990159,0.020852213899400875,0.008929559194162495,0.019209636688046504,0.0058418302378031245,-0.019861029354804438,0.003346395141902987,0.013602825335348847,-0.02035835619882093,0.016605753892785187,-0.007058384211465174,-0.001894690928072967,0.017797793548293736,0.0011753883267703708,-0.0007579972254592199,-0.011816599472864835,-0.009589436739569494,0.00038166742462600366,-0.018576464916059514,-0.00876409993648282,-0.01735122259194862,0.004431056868708498,-0.0012767559281396921,-0.009529214004217431,-0.019316713158680637,0.00973949774151661,-0.00022621138276188169,-0.012266004746849477,-0.01592804312913532,-0.003995922283145948,0.012186050298918104,-0.023270564398300303,-0.019524769156389867,-0.01572731288137761,0.010180776809328832,0.006167322081932598,-0.008469318235904839,-0.009313960954362936,0.023246764419329033,-0.011654650457837671,0.014889799468576615,0.01745970535670166,0.006031061410834795
0.006441294006284496,0.010374109373517806,0.023912998894986694,-0.014801780365863666,0.013783186029953206,0.0005525112157267588,0.010434182081600232,0.027195808453188607,-0.021325337055126563,0.021642096883649837,-0.01806681109489453,0.019040384215836963,-0.010042652280615431,0.006448942627464045,-0.026983414435047502,0.0143979904428048,0.025677366017490762,0.03134321189190423,-0.0016689001012604194,0.018756872385536416,0.014091026837703748,-0.02961562174793667,-0.0026398711486923985,-0.017603014675303594,0.020504259078370606,-0.013733973938563708,0.00011279582269743845,0.013249950961545189,-0.011723974046998563,0.002989687876098056,0.0189885831237822,-0.0026304001794763415,-0.017615940164040358,0.015060333157998219,0.014600784070422734,-0.010860308225656935,0.015404985437638907,0.0047797764553024515,-0.017612930848686807,0.013347177850813956,0.019097791092291625,0.0069861464134169295,0.0163331102820429,0.0072793180411885984,-0.020505423124778974,0.001173954266602573,0.01474882357659791,-0.02070960655184073,0.015259759269040569,-0.007411879203662554,-0.0021819152419791255,0.01996666139966468,0.00019360823125398282,-0.0013899923172026225,-0.011443141057551709,-0.010662444058806562,-0.0014031253943133151,-0.017859774555209918,-0.008990865347817274,-0.01955874566408623,0.006567988899858122,-0.0014698389521365276,-0.010114797270355242,-0.020114588433026426,0.010210197457777064,-0.001725167002468323,-0.011999223842327551,-0.017578353691151644,-0.004015671555131517,0.009980612476954934,-0.02084886828028993,-0.02000215375547333,-0.01639668995557488,0.0110946223567417,0.006335812947747093,-0.008046509670335059,-0.007597543360472552,0.02340640168154815,-0.0132480267243809,0.014078653935530313,0.016028360713569865,0.007470353873292552
0.007159725165943916,0.010043556186081637,0.02332776958560303,-0.014315501607633476,0.013544880893647965,0.0005953446324698954,0.009940591842410284,0.03107201361986999,-0.023633556518121913,0.020505532878087325,-0.018638845647998538,0.021425825575913094,-0.00927814887401526,0.006413509078738004,-0.027451139200918295,0.015511970938220236,0.024291165894986845,0.028293995251980533,-0.003093071637408604,0.01572638863143886,0.012598608065424073,-0.027873629112501092,-0.0017874707188020832,-0.014697183833651678,0.020088142994982322,-0.014941038936930641,-0.0002100658177116645,0.014738161151498758,-0.011362618751173177,0.002722352677251729,0.016086211786414305,-0.0028514660797986265,-0.01599319600046148,0.015622876114603156,0.015331175905161674,-0.00805409209000743,0.015277758019021263,0.006052693141062846,-0.01952064499028375,0.013087108841877255,0.01753892670745549,0.008384885935558316,0.01612973450981379,0.008333496285491784,-0.020404521669500963,0.002712450667250554,0.01549052648851691,-0.01840156324393959,0.015781874005033822,-0.007883293787189778,-0.0020520228693264673,0.0182724871661207,-0.000978004463475289,-0.0016873273482767707,-0.009870300625937906,-0.011116061224729109,0.00013313625006851533,-0.017072058635569088,-0.010011673009545467,-0.01813983173928887,0.006037198601862027,0.0009167083375573031,-0.00830324472834987,-0.01948027308911148,0.011290731665235627,0.00022123018681634093,-0.010946668759719906,-0.016912256128441903,-0.00319883762433634,0.009763656064913237,-0.02083164798904699,-0.020267971701144423,-0.014264926917440844,0.011676895927392569,0.007621608095786963,-0.008961209515696665,-0.008008700726043788,0.022073168304830807,-0.013369275969184026,0.01562649949601422,0.01721093245957146,0.0055632338593616555
0.005912141521279658,0.010415735154547441,0.023497170054179752,-0.014804291409400417,0.014986530595873073,0.0013735465204052235,0.008542388537715639,0.03132175200954776,-0.02266231261694396,0.02146839475172037,-0.01897150733677132,0.020461358740688964,-0.008110035168040527,0.0074613795218214166,-0.027288158879423437,0.015497077879484447,0.024909035815907754,0.03114010323209821,-0.003020779556592223,0.01645453403296829,0.011292949652120432,-0.02949269995795973,-0.0005934147869020084,-0.016587441571086468,0.022793180391767115,-0.013518562676456257,0.0006513590160363595,0.014717986108202392,-0.009879843684931994,0.003903461543086562,0.017608149429223303,-0.0010226514810728362,-0.01186869699285787,0.013624187952545613,0.014004805605561048,-0.009666275110392005,0.014897387647527289,0.006494382623057817,-0.01940222026224248,0.009995789845369975,0.020236813251085173,0.006657453467606435,0.018414927730638693,0.008626587240577731,-0.021547510672702715,0.0026963529551378876,0.014604627898031202,-0.016936778648260056,0.01491249063816693,-0.007718642036102276,-0.00029936383239826964,0.01954061922325863,0.0010401729386979636,-0.0009311689470496079,-0.011456652072468125,-0.009682949266374738,0.0002719262903779193,-0.016420743771834827,-0.009346315093977675,-0.017943708250381423,0.007472229224512319,0.000399824828827563,-0.006949714776855034,-0.018744079184560346,0.010188790622080486,-0.0005797650687293129,-0.011589927800468865,-0.01705126797175518,-0.0030766223581008144,0.01012195341857336,-0.02313975526089896,-0.018505465119427467,-0.015187040125925814,0.010176287271003458,0.00732782413569049,-0.007320656212584155,-0.007254690118649381,0.022523602451638525,-0.013859264928070512,0.014463082055064413,0.017310728621145154,0.0074494842395315085
0.004795248086871443,0.010745665983743371,0.02326884610051387,-0.015288242277703468,0.013037666296159461,-4.178575421006153e-05,0.009576288447102859,0.030107239075611893,-0.02300610106490961,0.02175073987063757,-0.018228545017810474,0.019818244196421923,-0.008825074130516381,0.007647074339825531,-0.027916726865446093,0.017551415194910977,0.021654581395807233,0.029892993544878038,-0.003018028962369659,0.01656999826196521,0.01351936483878402,-0.02795060353234817,-0.0016050445984688954,-0.015887438956341458,0.021298864645889024,-0.011531300801892616,-0.0019304456145978039,0.015577436244574472,-0.013058311635145321,0.004677782199545841,0.01511521281187199,-0.0024735283519815,-0.016716865690649257,0.015480297028855053,0.01516147996932195,-0.007356211893773771,0.01593883758651339,0.0048995767920453365,-0.01935624716554835,0.011122961690670358,0.018106578388437787,0.00892549043535306,0.018934471693140352,0.009444611535374165,-0.019387613226433724,0.001723163590317878,0.015583309986788026,-0.02002300087321619,0.01588068830533551,-0.007658483228833652,-0.0008038293462651247,0.017270638802771316,0.0005370232789847496,-0.0012501710409627107,-0.010244421231055977,-0.00954068257676804,-0.001264789321592605,-0.018264499056139152,-0.010276224542942488,-0.01971341024348379,0.0054829343205785456,-0.0021173593774542598,-0.007901146841093998,-0.021210621236037265,0.0112175129134804,-0.0015354561774899595,-0.010336370535701652,-0.016703209286833838,-0.0033842857248896434,0.010741365500157366,-0.02189780821429951,-0.02117945123934157,-0.016638144556235166,0.01125946957985728,0.006439329889711157,-0.007121941843339027,-0.007313336646342053,0.023678791352175443,-0.012688493519627697,0.017279733814160578,0.01748229543036076,0.007415170009384202
0.007958077434600428,0.010165197383911029,0.022859085714306362,-0.014696694564889656,0.013441804570335622,0.00028178060669584116,0.00921598863323734,0.03110190220358771,-0.02487154974184761,0.021750821961974687,-0.019708164264633277,0.021986465430502776,-0.0065248625983937054,0.007425421986911163,-0.027139111496352147,0.01621900500706619,0.024428187042109025,0.031004482436100878,-0.0025465623729446626,0.01654007096587951,0.013269015925077258,-0.029756323045877383,-0.00042010896660634985,-0.015511740440479944,0.021158344862834688,-0.009837402966067443,-0.0032693815337197403,0.015128157555000542,-0.011752780368954215,0.0040819665255080765,0.015886109417431255,-0.00280889772715902,-0.015194439361126834,0.015210661962557995,0.014866190949670087,-0.00609392694901263,0.016342117570327434,0.006349781011837529,-0.018102170756106657,0.010773213512933442,0.01739095279825709,0.008484804396888384,0.01770415073495927,0.0072722091757854174,-0.02026763889361999,0.0015588089070373038,0.013435416022840915,-0.01969822247900594,0.014230919942218933,-0.008615028353267478,-0.002152260110727197,0.017810709840368873,-0.0015505263562174787,-0.0013798397822483235,-0.012997112895351694,-0.00987111003169336,-0.0024730327437820386,-0.01807569021325948,-0.010031397017372563,-0.018916670649673072,0.005488582396041602,-0.0025469371847465314,-0.00739114950040108,-0.020043805813056238,0.009851904329579091,-0.00015894595443525703,-0.011255844434416726,-0.015807753639395017,-0.003282818550035373,0.010421021146354304,-0.022057610314275656,-0.01952831536224997,-0.014707886469937124,0.010878034439604051,0.006591094493062214,-0.007203294237182461,-0.007217010036039655,0.023766669142547586,-0.013602368182550856,0.013801791975439057,0.016364272870742845,0.006783971574744277
0.007596691247866967,0.010777489713528335,0.022583971980873415,-0.015389050509525045,0.014033751745593737,-0.0007904998065143839,0.010080699563912804,0.02993361845801631,-0.02467019118944063,0.02126421860420104,-0.0174378213850925,0.021920387453074154,-0.009197887242715667,0.008051677712357621,-0.02715183159890671,0.016574213597324933,0.023965062773556405,0.029800598690862073,-0.003148455685736126,0.01635437490829908,0.011673023808158395,-0.029903183492344807,-0.0009160921165169381,-0.01580698726603759,0.01988285246437901,-0.012459308222008088,-0.0011912006891223277,0.013315434401323517,-0.01193893534213309,0.0036585199794270367,0.016586565658269554,-0.0012878167882786232,-0.015333649720908848,0.013935299152659255,0.012463787795019957,-0.009896824023637913,0.01435274339373963,0.006113498474539067,-0.019185105910046664,0.0133592450198714,0.02016123009852585,0.00846147490625433,0.016261289845163267,0.006899481697737231,-0.021040745331068273,0.0017091422931207467,0.013945590642667094,-0.017840877736226897,0.01562632363618513,-0.007549067045122773,-0.0010142211805066331,0.0180506617808405,0.0009657232643864404,-0.00036682855564752824,-0.01205096222324111,-0.01025966895691743,-0.0011929987655549571,-0.017227255218979394,-0.009422488208880515,-0.017226915718771902,0.0055338033601393145,-0.0009861817799357133,-0.008838098358774447,-0.018834499265990963,0.010544420793470375,-0.001272948125594301,-0.010767197035256934,-0.0181348954836553,-0.00367406469920753,0.011226002963025748,-0.022486661648577714,-0.019811928842358786,-0.016083912257016966,0.01020465973894445,0.00577286550252055,-0.006814166005753918,-0.00646710131400282,0.023883276598566597,-0.014748308224379456,0.013166333928770658,0.018201259648679226,0.007435224831868408
0.006707578834665507,0.01146037616370671,0.024192100843109375,-0.01329962500137629,0.015426308408533176,0.0013386435481506562,0.010689517873222951,0.02941743506715561,-0.023545909556152007,0.0219379965977861,-0.020151631894397306,0.022485293411435035,-0.007846927859142032,0.007576140342654131,-0.026844274716006956,0.015900910626509963,0.025382703295292536,0.029565855620667568,-0.001716127129498168,0.016927718037511297,0.012572434119516484,-0.02832350381723086,-0.0011439692972383133,-0.016238485228273352,0.02225999558466218,-0.011184276763744583,-0.00039979937427313164,0.015320424390081775,-0.011610344020850063,0.003140971345573272,0.017870277762676023,-0.002075103012306576,-0.013681563678505995,0.015346312956820566,0.01421133908885242,-0.008514652545154013,0.016049359274224507,0.006989786984576049,-0.019604988915673426,0.012838427945629451,0.017436192513575706,0.008550333645463084,0.017136224776369308,0.006475740063758459,-0.019629504364886814,0.0015274013897522063,0.015657554656462225,-0.01859707292814155,0.015697843763029493,-0.007663073363726326,-0.0003793380757058823,0.017100296511248246,-0.00040305288649737105,-0.000380448056049802,-0.011472272990214047,-0.009021237229094675,6.499150896136093e-05,-0.016446201973082768,-0.011369054215943952,-0.019003662471851524,0.005059956245797273,-0.0012058597413083568,-0.008868103638198429,-0.018266467933642262,0.012531497651472186,0.0006878414674741639,-0.011661376274381118,-0.0186495089247155,-0.0037049489874239217,0.011386811502855728,-0.020988879840030963,-0.018252605467246358,-0.017029977399712393,0.009432218980834415,0.005089786659206481,-0.005501736193455421,-0.007576416060592922,0.02397828666693607,-0.014554028552271524,0.013689641717016683,0.015153239422803636,0.008549137722496781
0.005528135384304442,0.010270686153022384,0.0218756470897552,-0.016053244409418518,0.01299689316023415,0.0008539852895693889,0.00940814430779533,0.02849344212340791,-0.0235100005945957,0.02205277955959619,-0.01598737257390878,0.020353973887107697,-0.009283938253417523,0.006154659976742847,-0.027197951714402188,0.015514900592086014,0.02402895785792461,0.029353395266053076,-0.0028104301444911188,0.018733452015939477,0.01171488357555487,-0.027787462428166414,-0.0005485642687360435,-0.01687300371629716,0.02096683771966508,-0.01344905161442954,-0.0017643992282372232,0.01510604717884048,-0.011359263686708334,0.004577089205890668,0.019550666441760078,-0.00016696706198292472,-0.015316076689219256,0.013599099815542873,0.012988974518441616,-0.007505023369510393,0.014578562112619093,0.004289661797647405,-0.018404006012029833,0.011237690290422497,0.01866379169759336,0.007054896278205311,0.018536685095875468,0.008305804807836055,-0.021173955925801895,0.003301399567735182,0.015087148443532488,-0.017925051916470664,0.014931827521700016,-0.007693859032448673,-0.0009876446209610196,0.01774983071781044,-0.0005425499444347582,0.00011109814017331806,-0.010449339389238387,-0.010045659456779628,-0.0012068949086504084,-0.0189719821580942,-0.009883198816784936,-0.019052376981745025,0.005716043205017151,-0.0008101931194346812,-0.007850016562986591,-0.020850378504136766,0.010307742916018462,-0.001803770794951946,-0.012727746404259431,-0.016586951744941028,-0.0014736034247062404,0.011554194457270711,-0.022531703198817133,-0.019568901155189035,-0.016439872053543695,0.010679557744446969,0.006498443090499994,-0.008725837844659268,-0.010785828880054561,0.023003655653850326,-0.01452077716033535,0.015629578919591304,0.018404404798448078,0.006310830446925571
0.00677469064901984,0.010642530613749007,0.022198950153149488,-0.015656431077082613,0.015457725663526494,-0.0006584824067411177,0.011484578816926697,0.02877978898573058,-0.021904724466154272,0.020508726875209986,-0.015952395390887792,0.020020073247867018,-0.008577720611580988,0.007488025971275511,-0.028064382332282242,0.017199743397925862,0.025336502464550006,0.030802483245975943,-0.0038948079653551597,0.018228933490916855,0.011392248199317355,-0.028893899781610083,-0.0013142022315772712,-0.016563509916959575,0.022002147373637218,-0.01395490940037748,-0.0016713034152762106,0.015589754259068715,-0.010548582935008596,0.002878376132576666,0.018795568819982802,-0.0006762627997721974,-0.016841721225218147,0.014770440041413807,0.0135422458271323,-0.010199862119816909,0.01393987979722963,0.006890092894587014,-0.018060323297080686,0.01265375444985076,0.019645393004834432,0.007959746134866084,0.018136125963731032,0.008012386597686239,-0.01863355551539399,0.003228474779385806,0.01591079092633947,-0.019094174108884768,0.015524559936845189,-0.008125539913160423,-4.22192979618386e-05,0.019182973927697564,-0.003569090639894956,-0.0014057752144560065,-0.012228337039309298,-0.009635322328931042,-0.002007171476549592,-0.01792247604550331,-0.010263010363232912,-0.018270729971639896,0.0064585900233163785,-6.426774178425513e-05,-0.008332041258110604,-0.02082464642080879,0.010251934630455286,0.0002562368615458688,-0.009857584388266567,-0.017471022109028025,-0.002524021535139795,0.010786852197992917,-0.022534581331605755,-0.020551216809357144,-0.01708907220718987,0.010621797777354332,0.007009879418962258,-0.008254742034028598,-0.008528231477777686,0.02246878676750574,-0.013609291862250728,0.015930281833478516,0.016113491179390163,0.0071565554322985106
0.007388398428937638,0.010088815562537013,0.025042580269742796,-0.015941623004448395,0.013848746313194249,6.844577718367832e-05,0.009394673887441208,0.02793212903541048,-0.023603077105108394,0.02045788122558125,-0.01708094763715099,0.019079675145003517,-0.007721483179271073,0.0076468352505265815,-0.02766756297272915,0.017507936828194286,0.025366060457936466,0.028974273621451607,-0.0021218629013970347,0.018286471899404817,0.014748414005422539,-0.029206695071174946,-0.0005415118395112517,-0.017344134056660982,0.019694976370094357,-0.012587334240369724,-0.0001978827612506957,0.013037624062568467,-0.010641120260435125,0.003494203266977157,0.017766274258734047,-0.0009565064597754146,-0.013723834724068733,0.016059810186008477,0.013919927138221776,-0.008421050870111649,0.01619392103707635,0.004910624487066116,-0.018780531000354442,0.011263665261710805,0.017967492155110752,0.007547114399247538,0.01840815201075267,0.007756533208716403,-0.019178296944806935,0.0025168384802605674,0.013129046598740965,-0.017851614112304168,0.01404467982851453,-0.006920218074445262,-0.0010880895671909196,0.019100806036384477,-0.002370144274655274,-0.0016339936384884486,-0.01189696202240701,-0.011632257610656043,-0.001543265401177816,-0.016723758298091664,-0.009680142019760894,-0.019309735206671418,0.004902866984827183,-0.003352400313754873,-0.008974486445304634,-0.01776298913789311,0.01142584391572595,-0.0007296352823480418,-0.012538877806637488,-0.01662181368249403,-0.002565677435876978,0.011892817591804479,-0.023067094549449295,-0.020838644820103256,-0.01751157556409378,0.010124285051420445,0.007424261390291179,-0.007581133400019153,-0.007555547319627394,0.024233256922743973,-0.012654922484545547,0.013841289048203377,0.016501874694954684,0.00964091074867513
0.005890402364046759,0.010206158138259402,0.024153328971424876,-0.01530880921139467,0.013703843241800611,0.0006611696143710587,0.01008491270060665,0.0298015492335665,-0.023111340327797034,0.02171466849378115,-0.017532941013642476,0.02274115143005117,-0.0077904735978112875,0.006477537112743719,-0.02674311553343773,0.017302391573245094,0.02475845203207766,0.02892403350528431,-0.005033582694732761,0.01809796082631556,0.012613461476659382,-0.02693721569568496,-0.0014919276239239037,-0.015042187132072352,0.020627003114984194,-0.014182228728195063,0.00021581032766942716,0.015490700002623705,-0.012067483717707096,0.0039394079789833855,0.017587100949042738,-0.0018282446441859714,-0.017566745078666044,0.015498632749769613,0.01440803058415578,-0.009693406905004408,0.014532288025195978,0.006232650821935133,-0.01934553837392927,0.01220697634544794,0.018756480600746205,0.007102572353959909,0.018038533640006182,0.008032885408681967,-0.017920090421068197,0.0020371864146722066,0.013326930312922265,-0.019332402040507297,0.01545471428610433,-0.008834489359725639,-0.0030797755053395236,0.017174145980769148,-0.0021511151794643907,-0.0013698117316416905,-0.012346163755918486,-0.008055922940749482,0.0016558016906181067,-0.017999953633925602,-0.008904466642022333,-0.01839745985989983,0.007185053363315956,-0.002382370025919441,-0.007597721865426858,-0.01882894630381129,0.012084485423640394,-0.00030455330348115226,-0.01367334900282478,-0.01649576863450037,-0.00286318644027488,0.012793374748942562,-0.021926360783212064,-0.019464415018871306,-0.016028755077549275,0.011603621013761507,0.006083796451263342,-0.007527879800581163,-0.007899014800432903,0.02492755284130865,-0.01070888374620337,0.015757387864393006,0.016859582436187157,0.0071945614836180505
0.007489138417223419,0.010340347088926723,0.023625998454379148,-0.014824328667397746,0.012660868169828653,-0.0006352281125263554,0.008900062615976855,0.0291437669959779,-0.024501587260454427,0.020856286615490043,-0.018892830762966762,0.02207748358374247,-0.006783238861470669,0.007756994603154467,-0.027263608705203585,0.017068050172389843,0.0240247498486077,0.02914679112935524,-0.0028373717106098474,0.016906453399848198,0.012831930032679016,-0.030840601910129023,-0.0010019409057409599,-0.0150304354104522,0.020367015434302853,-0.013210323405345828,-0.0008663719226881262,0.013234470526836656,-0.012325306371175609,0.0019923385679979436,0.018910100001808244,-0.0012208428873705182,-0.016122592175891952,0.014862029667077213,0.013733357260324321,-0.008731534463740151,0.01436166235582196,0.007069775354837134,-0.01850085097030738,0.011473304264063802,0.01928082296124039,0.008567907439380181,0.0174770763662568,0.008312915728201834,-0.01748421723911699,0.003571753623614631,0.014775234318118245,-0.018367324562958042,0.016190351267015797,-0.005743278718620307,-0.0008672924679129187,0.019694319856211093,-0.0032534389558781145,-0.0025178985053653795,-0.011384358299319318,-0.010418116208088475,0.0011453980059904553,-0.014925826607588623,-0.010986536988083334,-0.01602999955191333,0.005138687145499347,-0.0018775153593571466,-0.00842235713923591,-0.02008979174998302,0.010196396199665773,-0.0021615703027486628,-0.011207422781001649,-0.018711980912194656,-0.002959104195473609,0.011731015332683663,-0.022930953573913726,-0.020320101494926066,-0.015563515109781977,0.011955536167787651,0.005326730276943572,-0.0081128538063807,-0.006776758201682898,0.02306089726673488,-0.012929985227619598,0.014898651257299677,0.017476382944399304,0.007154963290010273
0.008970068998027218,0.011586858282675297,0.02473500737452507,-0.012885502452571458,0.013297930692583861,-0.0019027292041005955,0.01045976879260569,0.028961314486836382,-0.025330024421305847,0.022833841374993925,-0.017757093244871326,0.02084290007800983,-0.007318676707242237,0.005308380329049415,-0.028601134809196124,0.017543673767574375,0.024229093699486864,0.028952319815693295,-0.002744310320785453,0.016843417700815353,0.012849310548137165,-0.030271838538417438,-0.00215023070256479,-0.015558543843980897,0.02067612745903704,-0.011741745434867154,-0.0020519189786248728,0.014913634564623919,-0.011621078077773586,0.002549007994002311,0.018031668583961064,-0.0016953092148837092,-0.014822277178176184,0.01252809008916192,0.014272162553729055,-0.009872431321075882,0.013618788790723617,0.005769342049880785,-0.018335606320393723,0.011432389052467812,0.018416403218180034,0.007494573076919665,0.015495091725021155,0.008550119140275201,-0.018522115833859768,0.0025143805174025306,0.01370458897549298,-0.01620538087719563,0.012817528828123703,-0.00840844873613378,-0.001693346216696535,0.017389500544995096,-0.002031046546154388,-0.0025125556316009275,-0.011328926470771945,-0.010149622384406403,-0.0033978894943190274,-0.01753109327978839,-0.011466535105671211,-0.02067096149551132,0.00487859288538016,8.730864883532176e-06,-0.009934250107737427,-0.019340083206975917,0.010305870096956379,0.0005375595840335479,-0.01105230750617902,-0.017653672762788192,-0.0018099560017458241,0.013121495984702723,-0.020372079957438,-0.01953776435981909,-0.017242220394217675,0.010925088000411996,0.006031523183653061,-0.007502278557998742,-0.009388992906788636,0.024854715865572623,-0.012347350069645338,0.01618082920215406,0.017445112322503717,0.009630061303847241
0.006197840579206354,0.009715363885562767,0.022967293656770704,-0.014914000259599675,0.012747124552243489,-0.00038461532475416593,0.009379550398522818,0.0311127932690837,-0.022583432509701715,0.02185166549314346,-0.017942990746137248,0.019836455720387794,-0.008262436282768595,0.007735697041327118,-0.026531592420229216,0.01519744863763942,0.024998436110712008,0.0306834244645077,-0.0036871578888800567,0.016984695700169167,0.01265289224212822,-0.026948983034775047,-0.0009044644510758899,-0.015884398190633815,0.019568409379848273,-0.011544651423503687,0.0012723242965465404,0.01496749516029036,-0.013324406889596302,0.003017500026129939,0.0179933701695552,-0.001428618781546715,-0.016113092669072068,0.011592410951036627,0.013670021240157036,-0.008917877775596066,0.012193318347486696,0.0056893748305724134,-0.01899261876355791,0.013067663977727493,0.01972829901636736,0.007905045409802799,0.01605787776894802,0.006161232101524819,-0.018936448768388417,0.002475663170385141,0.01317059046840956,-0.021454838011025414,0.01524988673680455,-0.007604598136126979,0.0005185299518048979,0.01750983261567253,-0.003782991742991548,-0.0024842631582168303,-0.011297414045982801,-0.010918641419336104,0.0011108973888920772,-0.01684701064666555,-0.010148367922765732,-0.01737601349454091,0.004428041436396135,0.0006161818047194618,-0.008621083852316047,-0.01889792104246224,0.010000626601945804,-1.617755958158184e-05,-0.010855136495287418,-0.015574967073515624,-0.0032837687155574677,0.01207073903995241,-0.020102131265139756,-0.019104368000380473,-0.01730065318538567,0.009779059755049105,0.006422412707919201,-0.009535236541461952,-0.008248397107440556,0.024298385765012195,-0.013542867330894175,0.01344758332548763,0.01618233521434041,0.00807351878211786
0.006701345957214122,0.01002857550938382,0.022986482734774213,-0.0146581319619749,0.014842025493395182,0.0009719643594488262,0.010033472025649033,0.027750794083985314,-0.022243455201959403,0.02017888236410134,-0.0186651060424616,0.02213062928161029,-0.008682108275024403,0.008276607736809978,-0.02824161410354898,0.013964352806590993,0.025664817554710617,0.02949231610358376,-0.003400928450999116,0.01857421672170506,0.010846946029799166,-0.029740870216285527,-8.534567332736773e-05,-0.01646356466583812,0.02069607806235714,-0.010767809649923311,0.00075813209508155,0.013908699311241885,-0.013387323068243227,0.0036345808723428777,0.01935668299214753,-0.003005231280930769,-0.015232093165272046,0.016790492788059646,0.01621941388959012,-0.008917977653384247,0.015277717875816825,0.0059799376010738784,-0.020303219956268187,0.011502206562185906,0.019133092201687657,0.005356561099701174,0.01781398590701527,0.00655609231416642,-0.01894027015471937,0.0007870559712309022,0.0161763345532519,-0.01936041113455417,0.016862341524735074,-0.00701841042461092,-0.002493802630699109,0.01723678435938387,-0.0014313721665728414,-0.004303142044243588,-0.011668282067288302,-0.010641405819840613,-0.001209712256325578,-0.015105930717299657,-0.010070607552700053,-0.019870304492859318,0.006040688251756187,-0.002021729786612599,-0.007120615734279605,-0.01740615485449988,0.013236492989325603,0.0009063818735465737,-0.011769221466898728,-0.01689934449865485,-0.0037021050626934076,0.014001821374452123,-0.02289539146204124,-0.02049922862777217,-0.015770510179586843,0.011338731723966256,0.0063559012560546685,-0.008187661943961673,-0.00914802067561463,0.025218689308207174,-0.012333335302725667,0.013758122826124694,0.014496173546538763,0.00860735465765385
0.007698710624127226,0.011483402414478072,0.02390849090160555,-0.014553697386894377,0.016728707368532138,0.0002533875156305364,0.01149866278091238,0.02934156529010969,-0.022200591592618092,0.020333259734578873,-0.0183924501796784,0.020822359178093556,-0.00976491695512843,0.0053578428163647725,-0.02681263792673411,0.016994819747604372,0.02349590854299819,0.03149911124743347,-0.003950275348933092,0.017266104823986304,0.013379999072552362,-0.028346706638895634,-0.0032686040990928694,-0.016876224427037106,0.020470092047791388,-0.011662648022010917,-0.0013686288288211937,0.014623589129355853,-0.011994026528613385,0.001868344169671362,0.017618837833569406,-0.0024670311708069512,-0.014534617107914951,0.015826236131918567,0.01390651616436117,-0.008560605785059003,0.013852413244635996,0.005516344943427561,-0.01998138143238132,0.013474751521523545,0.021279445238267726,0.008830784679193283,0.018400237475365164,0.00705304568550315,-0.018564067623773998,0.0021022559644149337,0.015739634112401812,-0.017949100815114825,0.014689791956288053,-0.007246387910311964,-9.723319472193818e-06,0.016338566396804494,-0.0011901284222359267,-0.001249894796533941,-0.012765272432290434,-0.00841213833936252,0.0014847117963048455,-0.017792625562989838,-0.009981793052349858,-0.01879268806281423,0.004659625883378744,-0.0025966713912326,-0.008287490407133238,-0.019607964358333615,0.01017383241737385,-0.0001683057506878359,-0.01056720137233065,-0.016583847648442326,-0.0018922763700390283,0.012331052848354439,-0.022701370483506556,-0.020060500803851,-0.017981960686952583,0.010751576380651814,0.0061778223857713475,-0.007488709080959241,-0.007641073454869032,0.023221185963733328,-0.014367614109903615,0.0119788934751844,0.01624528772950831,0.007684205400073941
0.007908588926276897,0.00945403988639835,0.026486417715487418,-0.016326313355932095,0.01670524085159503,-0.00161886824443989,0.008712898351105447,0.029313433105090006,-0.02159282223553206,0.020655094372407593,-0.016988402718116025,0.023376048494714873,-0.008839850275465863,0.007259490888495009,-0.027974092171583937,0.014021221332496893,0.025667569990613485,0.02962651182179193,-0.004485041173734891,0.015885126165377607,0.013152577493386984,-0.028988238248201573,-0.0007925811260743645,-0.01418409281221929,0.021107444442105883,-0.013674692503761245,-0.00014162107010199482,0.012775208380489577,-0.011629756650804545,0.0016558521033991538,0.017687630617380466,-0.0033428304554382,-0.013461442138834821,0.015331655675837308,0.01323567483475894,-0.007958656791551444,0.01479221746827665,0.005314687259891719,-0.019345943850109744,0.011132234225704304,0.019519970320211487,0.008454780232412643,0.017060909021141303,0.00711750755825715,-0.018958978945675616,0.0017345305982091972,0.016919355313717698,-0.01963768918838966,0.016802483535938488,-0.007827446891709146,-0.001932441730138967,0.019320954664198496,-0.0007425745222320205,-0.003435561121782152,-0.009094075260908135,-0.008346910495158929,-0.0014491549189402418,-0.01823771183321151,-0.010781993439212911,-0.01808905516490388,0.004752561410411215,-0.0003150844815552544,-0.006999661362888527,-0.02090883382856218,0.010419518702579733,-0.00029978105601976006,-0.011881260035974105,-0.016720423427820943,-0.003860855868547153,0.010492372713692433,-0.02341832120158805,-0.01984846127687445,-0.017332121456828418,0.00916874645190422,0.0044726522214778765,-0.007327169002896853,-0.008873230284794907,0.022290537247365183,-0.014455871088923733,0.01451968914315935,0.017701528087992018,0.00721560529538948
0.005920601666096429,0.009959625045251708,0.02465815513985577,-0.015957940505643933,0.013729324460972605,-0.0004021843889506373,0.009781575705836591,0.029040676693410417,-0.02303987577986377,0.020184924276406908,-0.020475270192188325,0.020723791905309857,-0.007867529056336347,0.006980056508802529,-0.02718717077684902,0.01546118166394379,0.025237366102177874,0.030309597604878762,-0.004869419389090931,0.017952391394324956,0.013096502091001999,-0.028460106128106025,-0.0005742402674776992,-0.016791922400771146,0.021424607889848648,-0.009836751271343196,0.00039830935862249987,0.013091780138066033,-0.010967310617258964,0.002885233480617386,0.01643424858877239,-0.002831413601666983,-0.01460973159774346,0.014763624228683894,0.01327428383466425,-0.008871371525120048,0.016548260976398235,0.006634656958491092,-0.020782086321693028,0.011507731484039363,0.018249653837056127,0.009330560766034928,0.016465529778281914,0.008293775009769097,-0.018784707463954334,0.0010096794937849182,0.014584075453477133,-0.019005726583749816,0.01483295356072525,-0.006071139711634041,-0.0006044598158587603,0.016963344022759425,-0.0026473038685784498,-0.0020074285555413945,-0.011982970399162378,-0.009137174576551258,-0.0017860898658647146,-0.01779182013628634,-0.008730763608997001,-0.017060426738118133,0.005142564347384338,-0.0016583610875351737,-0.008848739347230326,-0.01757467014204959,0.011247194265402046,0.00014338080525992507,-0.011428876279005223,-0.015136012406028474,-0.0009476239457550603,0.011749483021625744,-0.022660650292994886,-0.01984169846770838,-0.015539141555871131,0.009544816224659204,0.005441402140312199,-0.007497001115266532,-0.008813272173422204,0.022063615043655248,-0.014954303862157504,0.015214565130605089,0.01565271978876324,0.007928426095800984
0.006056793575972064,0.009430583903654418,0.023128915896416025,-0.01559665876118304,0.015066202587038707,-0.000263172793973452,0.009807558558613387,0.02994330244511673,-0.023927313168081495,0.023150814126352476,-0.01722067897301198,0.020171388746763656,-0.007720319328187816,0.005748089194633194,-0.02686720518418475,0.01469019154267161,0.025068211827148818,0.030607917473215944,-0.0042060422051262486,0.01843121079752007,0.011626101706053542,-0.02897210266375604,-0.0006312095141857404,-0.015422494379456263,0.02028812510759973,-0.012051831296392512,-0.0020105873503672546,0.0140586178221487,-0.009872772420320329,0.002825114707824612,0.017382628168531773,-0.004002679703711886,-0.01458276724634878,0.012601319479679502,0.01294642442900433,-0.007827478478841743,0.015138241786523659,0.006779234817320502,-0.01877339676602067,0.011147760989257894,0.018750724077955958,0.009481254586101415,0.015695185083651076,0.0069671759662200084,-0.018879172299076017,0.0010412255325727964,0.013947058086544754,-0.018992505747302695,0.014393712099914188,-0.007058250094254646,-0.001124248711077047,0.018503596501546857,-0.002023625980138358,-0.0015573901843619088,-0.012971030011555437,-0.008761719873105697,-0.00035720631652054246,-0.017222766648133436,-0.00919912687585581,-0.016822810709685505,0.00579815283823475,-0.0022976871986165196,-0.008086794875691928,-0.018427266656896247,0.010464244383819153,-0.0002693473842830161,-0.01103143176661352,-0.01592117974771458,-0.0021683890321514657,0.01369524161414529,-0.02020875775079104,-0.01860476174548784,-0.018144173546817036,0.010873580794812926,0.007222297084585875,-0.008400980931094957,-0.009050723838486539,0.023985181625240774,-0.01341990419206578,0.013069491626072956,0.015132235100242484,0.008358047097487487
0.008866326607411882,0.00963521350498522,0.024266543550224784,-0.015974064413838564,0.015273844359533505,0.0004736922846010343,0.00970149746874382,0.0311760209723669,-0.023162353760743996,0.021174037268077046,-0.018337813651744157,0.02107802022751893,-0.007005380485173259,0.004955865724704794,-0.024726130544337418,0.014520623389851307,0.02547245530212601,0.030504436302498154,-0.003416269701230953,0.017951331705937077,0.013243213501318572,-0.030775953706208642,-0.0017305429641789483,-0.015353720620757728,0.020692015208825597,-0.012757202793484197,-0.0014763653051566839,0.014281676167645908,-0.011092934942690938,0.004282228369699784,0.01715503257076803,-0.002147263286310544,-0.016583345054919697,0.014719028036837872,0.013308912898385792,-0.008462151525678314,0.015500268654896458,0.00460682183938943,-0.01892410442022114,0.010573391740167713,0.01793150277678578,0.0063194639694823885,0.017960407505872845,0.006088269832476673,-0.018809340449175614,0.0027932812024958503,0.014254021873801051,-0.019558101450212854,0.012639765654503527,-0.008317598158998022,-0.00241306793774051,0.01723163414550298,-0.002242372760190626,-0.0034971518145448326,-0.009957369114073966,-0.00879956193878859,-0.0002434559212912281,-0.01868714626724874,-0.007779387435648639,-0.019251221282747706,0.005122804685652742,-0.0028189248997432725,-0.010110918324456321,-0.01959823388008345,0.010877498397080928,0.0007717776884718616,-0.011260993069798305,-0.01564475559081635,-0.0008299952610728641,0.011413545877183077,-0.023012571769797662,-0.01870414298393893,-0.015363805766600524,0.010868451065992947,0.006964992759560484,-0.00779316248432012,-0.009015040130758871,0.02310549947479854,-0.013531127957577237,0.014201051123289522,0.016865829885302323,0.010125527470246566
0.006043113550407534,0.01184668869842429,0.025513198464557248,-0.013963407708679439,0.013481442706069262,-0.00012550629624805967,0.009944701954788951,0.03215331077991109,-0.022118146707935642,0.02251293904599208,-0.01835932291450565,0.02125405225190891,-0.009292556431661598,0.00887897751154864,-0.027026869031913175,0.016286339692652675,0.024870620420800876,0.028808912825290606,-0.002935217318478976,0.01849180648872699,0.01438933376744599,-0.02759427063608233,-0.0021769017669782003,-0.014898796721571739,0.02119647585921415,-0.012325988683433852,0.000659261978430194,0.015504577436744715,-0.012311504201087209,0.004559251316572099,0.01723867484335636,-0.003372862326186045,-0.014887823259049726,0.011759883199157502,0.012171165894834374,-0.008070501603203046,0.015459960178817312,0.007200013080321096,-0.01892815348766404,0.012243266510851974,0.019083889381156415,0.00854140301284147,0.01771933394719204,0.008538113297225298,-0.017975883843683274,0.0036003248364735057,0.014477940907289025,-0.020520402499947906,0.013780618622148876,-0.006900719100787601,-0.0005022693737428079,0.01835710580319348,-0.002350775660009401,-0.0018549454001445065,-0.012848689634425935,-0.009794732429916193,-0.00041972694180217264,-0.016967612773543195,-0.010238278882002556,-0.01961045631596968,0.004613550391080478,-0.0030285998076901256,-0.00828759084397703,-0.020666546124446693,0.010242016667044683,-0.0001944288587134613,-0.012824007830031658,-0.015535755164999865,-0.0021137985345797863,0.012886523307447698,-0.022223669248374506,-0.01972747175815073,-0.01578008668958069,0.009701084440124895,0.007160409094371977,-0.00748186095420555,-0.007673527478849048,0.024157290218568963,-0.012922730958793165,0.014787057816749586,0.015125812503149408,0.006359888851009452
0.00670248460362042,0.010748066472723868,0.023230303347282388,-0.015315915869874974,0.01653498741103919,-0.0006337191115060421,0.009805980446418236,0.030033310919902866,-0.023055157690391223,0.02138977428076266,-0.017912725917751955,0.020581745296358794,-0.008428110985499166,0.006367430347613943,-0.026335433357225154,0.016105657281060497,0.02709135239127468,0.030309925901513414,-0.0034301122908429204,0.017810027397978323,0.012961696461951843,-0.028831308926097178,-0.0020829799955385682,-0.01640142841179106,0.021718376422067164,-0.012154769550607012,-0.0011471719617117389,0.013544332798719676,-0.012110607985462709,0.003930053580190555,0.017522230253440144,-0.0015276163311105134,-0.016062438992137995,0.013388964205845155,0.014441238022085674,-0.008606964053016586,0.014791418981228304,0.005365571785189388,-0.017766055941440775,0.010159298788394397,0.02060972610427811,0.00915128624218415,0.01700456947456346,0.007210694527237376,-0.018859572537543525,0.001684350667603014,0.014977457731255955,-0.020452324732715455,0.014933521218630053,-0.008546312219013247,-0.0009155593047360745,0.017128674243521963,-0.0030592738747632995,-0.0019110250552086478,-0.011769896416223844,-0.011319283855995281,-0.0003865181427913877,-0.016755462735650355,-0.010488913321094301,-0.020410163730723484,0.005925391193807544,-0.0017595586401173604,-0.006528444726922286,-0.02031370744534094,0.010348326495688752,-0.0022027850803124026,-0.011360815855585836,-0.015713324777647,-0.0033553112708988473,0.010911045096081361,-0.021288159524212095,-0.02055021189670653,-0.013325252469511783,0.010427014041747007,0.006144118946406501,-0.008567538342816266,-0.007865539021850616,0.023407611476817244,-0.013738728476006533,0.01479591794095814,0.01695952234096364,0.0075885981539732415
0.006680958691006491,0.010028481836269339,0.025200734709816708,-0.01347822116149212,0.014118251889631768,-0.0005830799305935685,0.009305722951179467,0.028019700987160757,-0.02369193373833202,0.02179655548725122,-0.017417803854628384,0.02021965652902682,-0.008158278799642696,0.006535189008641811,-0.02572842549663719,0.015655862915004974,0.0257375534194905,0.03016447167295172,-0.003446001852224263,0.017630184438019596,0.014039016176318989,-0.029223633977658866,-0.0007667343258095876,-0.016226614428159324,0.020079018673303452,-0.011507685935048842,0.0007668403644465818,0.013982269879248471,-0.012061713887100518,0.003129340868853917,0.017473657729269145,-0.001645977149350705,-0.016741550802498797,0.013406727218950795,0.012415405361915806,-0.008908581001811558,0.015614356796726682,0.00390919169297895,-0.021622274192537528,0.01225511706463997,0.019882636388767,0.008186758031839537,0.016925812310384467,0.008696776893542793,-0.01904009155624037,0.0016893767200368288,0.0159914693730666,-0.0199509759962367,0.015301706074455274,-0.007940653042653062,-0.001326510875602236,0.019061816476351794,-0.0022629147933643057,-0.001376690911294161,-0.012928586331969156,-0.010721018124971544,-0.00100913276470938,-0.01760603237682184,-0.011750206830081752,-0.018898525325239564,0.0043626871630197414,-0.0008437503061380338,-0.008278625691098244,-0.01884785647959592,0.009652826719005145,-0.000513559387849784,-0.012087752236589614,-0.01701450045452545,-0.0028608365815654922,0.011697173427458298,-0.021245677163969124,-0.019022307461793158,-0.016478113336418073,0.010185680189962475,0.005464752527556424,-0.006820315370339993,-0.008772530413527943,0.025318016796006048,-0.016354831525429152,0.014996941695300683,0.016700190874210465,0.0059906049657171695
0.005874871733833031,0.00848070230118861,0.023774223955739693,-0.01601869608838216,0.013334648033866475,-0.0014000372977332387,0.009998556450750345,0.030299387735467833,-0.023326481631452237,0.02183449344460852,-0.017999143612510798,0.01834519475210681,-0.007996293758240125,0.007791851981631976,-0.026912914155744306,0.01641768407419025,0.025100752578358553,0.02971895986013504,-0.0020210014357673212,0.018345394179061683,0.012947848066907021,-0.02860260808620956,-0.0016672357133609287,-0.015954715996059327,0.019406580286412168,-0.012703180633756306,-0.00032473336692294993,0.014201338960676262,-0.013246168296708367,0.004490980170018215,0.017504548768469613,-0.0007273190667236493,-0.015075108087849875,0.013628209148029737,0.014082898548806937,-0.009021408553136318,0.014590271947212975,0.006563329387340384,-0.01847396382992593,0.012466879981920096,0.01747444337147476,0.008573319270271345,0.018920989220501457,0.008936822994178433,-0.018326198500761042,0.0011493825363808085,0.013574712738705532,-0.017293906253306738,0.015441627245439866,-0.006767516815503483,-0.0019970175332324476,0.01910790380208037,-0.0016605814143118985,-0.0016358563550380918,-0.011139245775525624,-0.008961929396536715,-0.0011278850370352123,-0.01813576894670231,-0.009300407059125722,-0.01907752235167167,0.005445277745154501,-0.0024253282177070425,-0.0069807271647695434,-0.019879688919475568,0.011719850249851433,-0.00034781522272438995,-0.012170175082587414,-0.015541277065145432,-0.0030680930708228814,0.01338017646155363,-0.020722340405271326,-0.018543526868171945,-0.017965011718449365,0.01069555801177117,0.00682424862928856,-0.008582073089012482,-0.008989646906381174,0.02193217134182674,-0.014543584266214136,0.01707898471824363,0.017594522962991358,0.007395233960339323
0.0066678695573500904,0.008714251610995587,0.02362809665580227,-0.015851297956479726,0.01523024976054271,-0.0004900863149676943,0.011301858070824736,0.030181813870311443,-0.024323822538776383,0.02057849763667211,-0.019032149862464237,0.02099241817330367,-0.008967012899957605,0.0063350563730793005,-0.026538029579743973,0.01686909962219234,0.025919759469256943,0.0286344401557193,-0.0028891702498399082,0.018580274132681044,0.012383887252246815,-0.02926835717276862,-0.0035551759864951515,-0.015390861083140943,0.018484966446303874,-0.012819040551981208,-0.0020882230147215367,0.014044375573529966,-0.010528111553651668,0.004008513417410964,0.018224526151639536,-0.0005978891827013802,-0.016168744004697023,0.013159243146455979,0.012227516619125158,-0.008491246037516463,0.015695630848473793,0.007270983233326342,-0.019386176868847037,0.010697559019685185,0.019716495206896924,0.00902018224010868,0.017729774633472185,0.006806090685499989,-0.017076584927273514,0.0010225961023725373,0.014181388873369515,-0.019778191224274082,0.016599112985478743,-0.008809791782203024,-0.00028568112153832875,0.01731061630400909,-0.002467749252599747,-0.0037897285555276447,-0.011936736535640527,-0.00883689727927637,-0.000799256374105613,-0.018275109533603333,-0.008878225833206065,-0.01683080407383878,0.004688928137666082,-0.0005435251013113686,-0.009624707758851323,-0.01798395916402225,0.012048542950394484,0.0005604973243820292,-0.012960310859643935,-0.015949796663040288,-0.0015360433503755783,0.011221749153419041,-0.021319731287464987,-0.01979707156940383,-0.014872141999937707,0.011263318899072379,0.006619574726270196,-0.007969115224020894,-0.007251750873240762,0.024571073067863224,-0.01502853442918968,0.013404683134873988,0.01758908710621694,0.007804254762522988
0.005150285400316018,0.008692230524617116,0.025315671303722465,-0.016186403470838672,0.0156221054816887,-0.0005177008687580322,0.009147361765987154,0.029064185232615346,-0.022560593258798146,0.021148949518311214,-0.018412712309594754,0.02072665439519259,-0.007189628337992972,0.007504275023377643,-0.028123306334818545,0.01709956199395362,0.02440382728462897,0.03080894525366915,-0.003988196205940349,0.01767788862470918,0.014220593503943588,-0.02762920997379036,-0.000875419173512242,-0.012238156245475923,0.02117787330409421,-0.012726000252496067,-0.0008150513938206954,0.013181528337554694,-0.012615429329371606,0.002699543432259715,0.018147787642111536,-0.0017338522238523866,-0.015629513290897238,0.012838921525479805,0.01247297147968428,-0.006878217473144977,0.014920776117294407,0.007053291590012099,-0.018817945747663493,0.010253391334007007,0.018473297603226347,0.007743439336526487,0.0166164093203302,0.007240113459932659,-0.01873515601435531,0.0013642121597024126,0.012387719927730478,-0.019488283062190227,0.014286610711762925,-0.00773895485585289,-0.002257660068156187,0.018987481256714338,-0.002567519732591194,-0.0015204418444409347,-0.010672465478719152,-0.01004377201714136,-0.001943770428218518,-0.015266460695012142,-0.010094416805442341,-0.01851695740567854,0.0058086864654068255,-0.0023729639733084474,-0.012214418633423395,-0.019463440972686426,0.011601499356084632,-0.0002069389846699189,-0.011438976719525757,-0.016191483626596337,-0.002753855744340728,0.010493977242999272,-0.02141085221427517,-0.020448238874724422,-0.016513949866236968,0.0096433437902259,0.0056916611563743716,-0.008958862734356882,-0.010348309140574009,0.023397907665652196,-0.013654560090341494,0.01642477912332303,0.015488112619067096,0.007205478228547885
0.006650869509335795,0.009712332504057177,0.023748821990748896,-0.01500314002614265,0.016106391571537322,-0.0009435804247039263,0.010414754521359225,0.031233429997814012,-0.022649404941140358,0.019987099652409437,-0.02044166646187037,0.020676454690186086,-0.008444527154495028,0.007992120559271277,-0.026430555670602197,0.0166376606876004,0.023927563454255302,0.03140738819201139,-0.004917741747130556,0.017117343165275568,0.013430972433146499,-0.030976310148250388,-0.001859408766447782,-0.014325905405193714,0.018092395007765057,-0.012717249640981235,9.687513514710245e-05,0.014579050944940702,-0.010821427845326971,0.0020103753867347,0.017962884246169892,-0.0006683554103365302,-0.016039102455480826,0.014871428931178515,0.013483513580343259,-0.00899841482353656,0.013485040302230007,0.005198232888288802,-0.018478099104200715,0.012504674031469636,0.018260007852014377,0.00827064609370117,0.01873557574097555,0.008044725621198958,-0.018560066501312446,0.0015187168245908746,0.015578286021561276,-0.018213917580859988,0.014960876801776208,-0.007715170446316706,0.0013705709301144557,0.018645255809937856,-0.001669389214726919,-0.002448943603021606,-0.011415534705768103,-0.011103543703992722,0.0010717143182561327,-0.01594036802220093,-0.009258153960117239,-0.01953363465136659,0.005330980101210999,-0.0011377845049958604,-0.008192320320720257,-0.019543464015571825,0.010791225804605772,-0.0008858906760171079,-0.011263338507239307,-0.01617155890553214,-0.00325050827287287,0.012141411888868204,-0.02128658685478848,-0.01857014080391337,-0.01745778949774409,0.010660938336239718,0.008258598429671889,-0.007776884259124941,-0.008410157487540267,0.024493218903827347,-0.013581932437352883,0.014923619476414405,0.01681626742644777,0.005311926511491597
0.006482938618379352,0.008525605493201168,0.02379342492797865,-0.015995518177759044,0.012825811045212502,0.0002965310381600253,0.009166694394889862,0.028587485622931435,-0.024439454948242092,0.02143853937333055,-0.017048844287679988,0.019601691524600957,-0.009218202042759053,0.006266496917302993,-0.026216765992755138,0.016257908561389412,0.02428791548795929,0.030150349381516974,-0.004340608251146431,0.016510466413125688,0.012132285409091214,-0.028706581044775602,-0.0022962469505180463,-0.013658334289681929,0.018203607160391728,-0.014842035498885306,-0.0011766649092326174,0.013577320680396495,-0.010714286479471128,0.002913164495972928,0.016275816661823563,-0.0009439447943003802,-0.015154989960057123,0.01577186408716923,0.012564473778391039,-0.009547887984621181,0.017495443294600434,0.007814633152855618,-0.02001774500408444,0.010754703526443326,0.018704271899723027,0.007272912655306188,0.0159793392822278,0.007043581493235942,-0.01889183968761927,0.0017885501652347368,0.014936583104698252,-0.018885475589286722,0.015220510688096694,-0.007188084811358668,-0.0021504670260928684,0.01927328684802717,-0.002366464035049585,-0.0027227291408914063,-0.009632648695976449,-0.010191877254328649,-0.0022625634665608364,-0.016657903138536972,-0.010965481146608481,-0.017400811308352884,0.005083222958227425,-0.0021298120582449653,-0.009051617564583442,-0.018572904308104068,0.009629063011729161,-3.919572489592292e-05,-0.011701635417846938,-0.01785639514690953,-0.0006995378938310802,0.012875960465707166,-0.022614720763158142,-0.020763120719076853,-0.017229675507496763,0.010635875227697817,0.006380107219555591,-0.007802798528773747,-0.008343072066435303,0.024584410680939497,-0.012012857032343938,0.01572765459792094,0.016822877113303675,0.008737638152928611
0.007419631605000827,0.010196282880375745,0.02516502240962901,-0.01262775193293788,0.015142685178747848,-0.00245592065996882,0.009078417663345766,0.02850395154747878,-0.023611445973681852,0.022066846939058842,-0.017700969405657158,0.019732140549924466,-0.007388311640472904,0.006586119579556239,-0.02653653960075609,0.01435799993888768,0.025905988186691917,0.028344600491262417,-0.0047105707448443,0.017275119630878577,0.013279873736645605,-0.03041029677227358,0.00017138393587828394,-0.015495163819940571,0.019543211807947665,-0.011533175128917902,-0.0018662611121567543,0.014298209624872767,-0.010803002586668454,0.0031010844152970906,0.017703622862077564,-0.0030164575086796207,-0.01495835037015764,0.01446608671710853,0.01371922216593362,-0.008290645613000618,0.015269437531834686,0.006474677676944802,-0.017657023551311775,0.011308124647817289,0.01885060473517908,0.01016561874557721,0.017415798764182942,0.01006463622570752,-0.018638437500327287,0.002435021312178957,0.014833148461714553,-0.01856219907819065,0.01485092368282549,-0.008590141282819735,-0.0007962132250932221,0.019398618419561555,-0.0021605189841814006,-0.0008090391217660464,-0.011300288961905195,-0.008541148592752717,-0.00032551044403844365,-0.017843974650687593,-0.010491918955369228,-0.019416167519988904,0.00551878928297512,-0.0028986985142964586,-0.008155459033951356,-0.020709241995666886,0.01156364812969676,-0.0009759253736999906,-0.011674935086641825,-0.017247262385630346,-0.0031376061439733587,0.01054216614210185,-0.023159006577063403,-0.02061621416384337,-0.01787514948352513,0.00931743069205419,0.005685692795054361,-0.0059598176464477045,-0.008334132541629619,0.022933893164838293,-0.01559398783146703,0.01562456950822327,0.015497455859234864,0.006759578995988022
0.007099191654294631,0.009322699024814692,0.023082263480875487,-0.015758272191170847,0.012687063543515096,-0.0020329958979912266,0.010974093078471324,0.029453514314257263,-0.02424159311716877,0.02048770328708245,-0.019404901909099145,0.022810340275629712,-0.007464556192151005,0.008318345375906103,-0.027223126872518426,0.015283226557635159,0.02523938653922416,0.029976095700556288,-0.004434294986197636,0.01719195251387796,0.013700468495505139,-0.03014289232049481,-0.0018562062624517908,-0.016724755997959147,0.02036397737906784,-0.01318395827103141,0.00030687697490650273,0.014327796540655744,-0.013086184810319207,0.004268605574769871,0.018124423345267086,-0.0026474750928718524,-0.014479985414072012,0.014611166608785508,0.012471537929912537,-0.009176469610714205,0.01606232205873977,0.005309045380651228,-0.019607661135067313,0.010905115731919724,0.01956914229199856,0.007927605978091305,0.015234400957793054,0.007948562289473547,-0.018325939220834718,0.001622211186333022,0.015501220679064736,-0.019280106939369036,0.014741229721593857,-0.0073819015047262146,-0.0008046795621875792,0.01832060291232302,-0.0001165210681143647,-0.00507557676945546,-0.010576215941219417,-0.009366865124399477,-0.000115925953299415,-0.01851084444495234,-0.011577421799165055,-0.018101646787356113,0.005337531815339998,-0.0032891930848636722,-0.0066004511854338066,-0.019538251154453484,0.009085740093947008,0.0015297859573852905,-0.01204607701351855,-0.01691517732051137,-0.002512521853109321,0.011749668476009958,-0.022219129907583644,-0.01951823866598449,-0.014305672257623386,0.011208702288179074,0.005696983971735281,-0.00794127177111889,-0.00805456982168189,0.023417776965865954,-0.013918552712850477,0.01468212925977858,0.016913047803132,0.008435042198270359
0.007783964317490459,0.010042012117006635,0.02494747463628639,-0.013466231859342894,0.013992107842516163,-0.00035038977079194817,0.011075076855743278,0.028988924906632116,-0.022761319300708623,0.020456435629623522,-0.018639499218620993,0.020981956214682337,-0.008150016869614463,0.008865339521308128,-0.02787954625669079,0.01695745716120793,0.025431748871849753,0.027560009843549078,-0.005187803604898417,0.018547945904761214,0.01309074215019286,-0.027540311402611786,-0.0006573919924123621,-0.014942520693089269,0.01949465704094655,-0.012761348426942522,-0.0013862090426753975,0.013368865445727438,-0.013240738922208301,0.003926671658674411,0.016509695485590527,-0.002266076080382552,-0.014320186271305609,0.01363468139861684,0.013647030409775622,-0.008835670102116687,0.01583027065226623,0.006354020584576671,-0.019183639054267135,0.01337052954993194,0.019569931192356494,0.008602229364286914,0.017320877578748173,0.00871350651248975,-0.018729839681292004,0.0035474071214756874,0.013641183871415557,-0.018781295833658247,0.014387808151621146,-0.00573852356837715,-0.0012792993264627759,0.019300614070921547,-0.0022608761371408726,-0.002026773483675652,-0.010658684506048403,-0.0113509311843363,-0.00030396080801214497,-0.01659171494333637,-0.01116788439731592,-0.019426658040404797,0.006907409395814095,-0.002601517372386176,-0.008071890611539104,-0.019851902843716684,0.008011971627262582,0.0006442327616016879,-0.010915867284673322,-0.016038637611024007,-0.002468344990192719,0.010588552529134985,-0.023071551164490202,-0.019747363594339647,-0.01615041651437488,0.01314110859062385,0.005482149708170617,-0.00876444849499316,-0.010340809792959605,0.02607290234990021,-0.01359302555291735,0.01583196697060859,0.019240199986041623,0.007648058361891722
0.00722014611775947,0.009989927003454689,0.024009546250947,-0.015659376839167616,0.014509870941736561,-0.0020344217061940856,0.009989225434408725,0.030618369039768552,-0.022416215757964406,0.02159425615456653,-0.01721214894196033,0.02014106715838435,-0.009642605800465866,0.006941380488044791,-0.026862054484462355,0.017176146801875274,0.024944455295039095,0.030554485099832968,-0.002793489534418757,0.018078885183711858,0.014214804064588648,-0.02941851803513666,-0.0024272654608226826,-0.0166030466428098,0.0203870254377489,-0.013420068300620343,-0.0029034662857022444,0.01463651952034906,-0.013084796124845144,0.0027696613581894933,0.017442884698835443,-0.0009236489777731182,-0.015797376674884775,0.015527627867056696,0.013485506690796406,-0.008158806523545666,0.01564319534837957,0.006309972340485797,-0.01913401481360582,0.010921721686583313,0.02010935335804666,0.00927051176238058,0.017649524196604753,0.008866473484231401,-0.017670632217565027,0.0021381515232153587,0.014456572912869085,-0.019154113859915743,0.01593012741192225,-0.00793947365819726,-0.0018644179323096207,0.01875358623195927,-0.002631919369837236,-0.002073423183970544,-0.010083734594077798,-0.01057019768237549,-0.00028282749509843293,-0.017172543744078072,-0.00890630075384373,-0.018358822755160147,0.004533726572132098,9.618542502696993e-05,-0.009498052578635568,-0.021116321787679155,0.011036549359423047,-0.0009344493611417328,-0.011004643748513869,-0.01538449633190355,-0.0037326032679030514,0.013060840827797321,-0.02142964664387125,-0.02027285882490942,-0.01553660274062531,0.0118911233981905,0.006002993848425034,-0.007442584015685648,-0.00885850106725494,0.024668938588481758,-0.013093718961285522,0.01465656435489741,0.014017360147230835,0.007111271100523426
0.007208790012696963,0.008589146269371063,0.022559109933597332,-0.015969558020209038,0.015260072202059482,-0.0005249472167257377,0.01031953643253492,0.030065532119066124,-0.024863504589957983,0.02108967341565348,-0.016203395988083433,0.019066437209352208,-0.0075299995199375434,0.00700299457097269,-0.027151044315960892,0.0163100486710232,0.025537299929926434,0.02975982945811244,-0.004132579440179239,0.018750471260307548,0.011728993737625752,-0.030546570278972875,-0.000985973195893012,-0.013753446715126768,0.02033425267734707,-0.011377506455300373,0.0008622753988346949,0.014120541834040537,-0.011747815828308512,0.004562319655902312,0.01833763396592314,-0.001014493365767157,-0.013666075338053509,0.014342521918061122,0.013459762060254989,-0.009497614649031937,0.015113956676397774,0.005014604692210656,-0.01788007007482706,0.013657232428172118,0.018326099917258032,0.006643729793292235,0.017022927213453408,0.00785410214116615,-0.018701389765560402,0.0028019160181916277,0.014052509148788962,-0.01969129206442395,0.0148649784651511,-0.007801851026536097,-0.0021547116953019576,0.018973678300591306,-0.0026032471842190753,-0.002098045429168586,-0.011913218248857606,-0.009819393147806726,-0.00194597596946764,-0.016395124913878144,-0.008598414134408254,-0.016782071995883302,0.005806787044812009,0.00020527902981982158,-0.00931907901131866,-0.01784204675921745,0.008028748869691614,-0.0018235956191325815,-0.010479639264400233,-0.016454453789964674,-0.0029977105037493107,0.01126085301382644,-0.022161543831230524,-0.021339236334235276,-0.014695549635955575,0.01167128665393246,0.005571281901866745,-0.00926700275985982,-0.010032972477777626,0.02433228921642427,-0.013628218882002791,0.013922106743963138,0.014952510656136415,0.008839383227456928
0.006455158763624616,0.009016197288828727,0.02352983898902904,-0.01498312062220312,0.011547305701399956,0.001981483020914636,0.008855333119547167,0.030529032134461464,-0.02208817535261114,0.021512074059054302,-0.01584453541175735,0.019515022883818362,-0.00923533764248197,0.007293402265873026,-0.026472393832740495,0.015305763016702927,0.024003844874370957,0.029987059946747344,-0.003704285644599132,0.015935896258676804,0.011653002934902023,-0.02917853662830546,-0.0018103403567734668,-0.015807002453078596,0.01952779663820689,-0.010626942409641484,0.0002550450605887471,0.012409714560549385,-0.012237989415755953,0.0033709736956310907,0.018815532010526756,-0.0029227113639315925,-0.01598411694219929,0.01522377025584001,0.013008762164010665,-0.009385318422798137,0.015611163592295352,0.0069916587922320104,-0.020839695257632206,0.011717129948279203,0.019227253599237083,0.008948772620438486,0.016365790775298594,0.007711742587447161,-0.018345486609853662,0.0019424846044183756,0.01570054543271619,-0.018978863332441306,0.01498663405693207,-0.008501740824229541,-0.0014609755626087215,0.019058207934296887,-0.0026453804826278475,-0.0029055072133396366,-0.009639469459908978,-0.00898991161793902,-0.0010806524036933122,-0.018189528353978072,-0.011283026576143194,-0.020027937481397626,0.006002299072505713,-0.0010348273807885319,-0.009374612109900407,-0.019677225806403482,0.010953302345172892,9.791106449334752e-05,-0.011926585269653215,-0.01669432696989396,-0.0029551387116221843,0.010893578041768584,-0.021518645773801727,-0.02020317607680899,-0.015388119177557679,0.01194551033612854,0.005782519029363405,-0.007698399268052846,-0.009523470686081174,0.024347355364775523,-0.013030096470020111,0.016534442732961816,0.014376877372752277,0.007878536444275054
0.0062515767707010195,0.011455526213542112,0.022981266325409977,-0.014240932938795421,0.015308494060188277,-0.00022602616851920867,0.01094693707518128,0.030241236980995446,-0.022332890651723367,0.021608733038535343,-0.016409333287905142,0.02193277275015116,-0.007867136022280686,0.007267203394668194,-0.02654769739752451,0.01718613259058814,0.02497649630779333,0.028713783180556913,-0.0032766648436855254,0.019367058007376776,0.013263271357145879,-0.03004440213447909,-0.002228896297975994,-0.013852008670673727,0.019118927159673393,-0.013623099798248236,0.00032897662370527355,0.015181095338146431,-0.011546328374508549,0.0042100337304106315,0.01791311618861565,-0.0013849666689349646,-0.015593800573801195,0.012172318224841787,0.014288226229420135,-0.007362291568008698,0.01449907833011252,0.005677401284658256,-0.018695582992942137,0.010925585505904584,0.01878418964735145,0.009273082071973261,0.017090251658931545,0.009074479723634862,-0.017827018353258034,0.0017831507479026633,0.014735328884578909,-0.02019452418707704,0.01657628720882287,-0.007131032938240777,-0.0019311204882496743,0.017659075877002082,-0.0013022525929394853,-0.0015029903388341843,-0.01340611713626768,-0.01091903471720257,-0.0028340417312568674,-0.0159795813845961,-0.009279761685672058,-0.019289648782383737,0.005626764477123305,-0.001605159863442319,-0.006332756444259204,-0.01993862950619871,0.010384106183906196,0.00174278389677449,-0.011372898937126598,-0.015398148400541907,-0.0024259681075144658,0.012370890539932431,-0.022031624468484893,-0.01937030176599444,-0.017639996609718683,0.0109879651310226,0.0063668126827999645,-0.007471357932316401,-0.007878899310740779,0.02295863508454443,-0.012965424674805876,0.013239817767624496,0.016884790333680726,0.00775172313798941
